Nome,URL
Counter-Strike 2,https://steamdb.info/app/730/charts/
Banana,https://steamdb.info/app/2923300/charts/
Dota 2,https://steamdb.info/app/570/charts/
PUBG: BATTLEGROUNDS,https://steamdb.info/app/578080/charts/
Source SDK Base 2007,https://steamdb.info/app/218/charts/
Apex Legends,https://steamdb.info/app/1172470/charts/
Once Human,https://steamdb.info/app/2139460/charts/
ELDEN RING,https://steamdb.info/app/1245620/charts/
Grand Theft Auto V,https://steamdb.info/app/271590/charts/
Call of Duty®,https://steamdb.info/app/1938090/charts/
NARAKA: BLADEPOINT,https://steamdb.info/app/1203220/charts/
Baldur's Gate 3,https://steamdb.info/app/1086940/charts/
Wallpaper Engine,https://steamdb.info/app/431960/charts/
Stardew Valley,https://steamdb.info/app/413150/charts/
Rust,https://steamdb.info/app/252490/charts/
Path of Exile,https://steamdb.info/app/238960/charts/
Tom Clancy's Rainbow Six Siege,https://steamdb.info/app/359550/charts/
7 Days to Die,https://steamdb.info/app/251570/charts/
Team Fortress 2,https://steamdb.info/app/440/charts/
The First Descendant,https://steamdb.info/app/2074920/charts/
War Thunder,https://steamdb.info/app/236390/charts/
Destiny 2,https://steamdb.info/app/1085660/charts/
Dead by Daylight,https://steamdb.info/app/381210/charts/
Warframe,https://steamdb.info/app/230410/charts/
FINAL FANTASY XIV Online,https://steamdb.info/app/39210/charts/
Sid Meier's Civilization VI,https://steamdb.info/app/289070/charts/
HELLDIVERS™ 2,https://steamdb.info/app/553850/charts/
Overwatch® 2,https://steamdb.info/app/2357570/charts/
EA SPORTS FC™ 24,https://steamdb.info/app/2195250/charts/
VRChat,https://steamdb.info/app/438100/charts/
Terraria,https://steamdb.info/app/105600/charts/
Left 4 Dead 2,https://steamdb.info/app/550/charts/
The Sims™ 4,https://steamdb.info/app/1222670/charts/
Governor of Poker 3,https://steamdb.info/app/436150/charts/
Football Manager 2024,https://steamdb.info/app/2252570/charts/
Monster Hunter: World,https://steamdb.info/app/582010/charts/
Hearts of Iron IV,https://steamdb.info/app/394360/charts/
tModLoader,https://steamdb.info/app/1281930/charts/
Crosshair X,https://steamdb.info/app/1366800/charts/
DayZ,https://steamdb.info/app/221100/charts/
Project Zomboid,https://steamdb.info/app/108600/charts/
Palworld,https://steamdb.info/app/1623730/charts/
Red Dead Redemption 2,https://steamdb.info/app/1174180/charts/
Cyberpunk 2077,https://steamdb.info/app/1091500/charts/
Black Myth: Wukong Benchmark Tool,https://steamdb.info/app/3132990/charts/
The Elder Scrolls V: Skyrim Special Edition,https://steamdb.info/app/489830/charts/
Don't Starve Together,https://steamdb.info/app/322330/charts/
Unturned,https://steamdb.info/app/304930/charts/
RimWorld,https://steamdb.info/app/294100/charts/
Fallout 4,https://steamdb.info/app/377160/charts/
ARK: Survival Evolved,https://steamdb.info/app/346110/charts/
Yu-Gi-Oh! Master Duel,https://steamdb.info/app/1449850/charts/
Rocket League,https://steamdb.info/app/252950/charts/
Crab Game,https://steamdb.info/app/1782210/charts/
Lost Ark,https://steamdb.info/app/1599340/charts/
Dark and Darker,https://steamdb.info/app/2016590/charts/
Diablo® IV,https://steamdb.info/app/2344520/charts/
Phasmophobia,https://steamdb.info/app/739630/charts/
Garry's Mod,https://steamdb.info/app/4000/charts/
Deadlock,https://steamdb.info/app/1422450/charts/
MIR4,https://steamdb.info/app/1623660/charts/
Supermarket Together,https://steamdb.info/app/2709570/charts/
No Man's Sky,https://steamdb.info/app/275850/charts/
Cats,https://steamdb.info/app/2977660/charts/
Valheim,https://steamdb.info/app/892970/charts/
Bloons TD 6,https://steamdb.info/app/960090/charts/
Spacewar,https://steamdb.info/app/480/charts/
Total War: WARHAMMER III,https://steamdb.info/app/1142710/charts/
Mount & Blade II: Bannerlord,https://steamdb.info/app/261550/charts/
Lethal Company,https://steamdb.info/app/1966720/charts/
Age of Empires II: Definitive Edition,https://steamdb.info/app/813780/charts/
The Binding of Isaac: Rebirth,https://steamdb.info/app/250900/charts/
Battlefield™ V,https://steamdb.info/app/1238810/charts/
Deep Rock Galactic,https://steamdb.info/app/548430/charts/
Slay the Spire,https://steamdb.info/app/646570/charts/
Crusader Kings III,https://steamdb.info/app/1158310/charts/
Sid Meier's Civilization V,https://steamdb.info/app/8930/charts/
Dungeonborne,https://steamdb.info/app/2448970/charts/
THE FINALS,https://steamdb.info/app/2073850/charts/
Cookie Clicker,https://steamdb.info/app/1454400/charts/
Street Fighter™ 6,https://steamdb.info/app/1364780/charts/
Delta Force: Hawk Ops Alpha Test,https://steamdb.info/app/2709440/charts/
Geometry Dash,https://steamdb.info/app/322170/charts/
Call of Duty: Black Ops III,https://steamdb.info/app/311210/charts/
ARK: Survival Ascended,https://steamdb.info/app/2399830/charts/
Cult of the Lamb,https://steamdb.info/app/1313140/charts/
Black Desert,https://steamdb.info/app/582660/charts/
Soundpad,https://steamdb.info/app/629520/charts/
Fallout 76,https://steamdb.info/app/1151340/charts/
SMITE,https://steamdb.info/app/386360/charts/
Farming Simulator 22,https://steamdb.info/app/1248130/charts/
Euro Truck Simulator 2,https://steamdb.info/app/227300/charts/
SCUM,https://steamdb.info/app/513710/charts/
Brawlhalla,https://steamdb.info/app/291550/charts/
Factorio,https://steamdb.info/app/427520/charts/
Stellaris,https://steamdb.info/app/281990/charts/
Europa Universalis IV,https://steamdb.info/app/236850/charts/
BeamNG.drive,https://steamdb.info/app/284160/charts/
The Elder Scrolls Online,https://steamdb.info/app/306130/charts/
The Witcher 3: Wild Hunt,https://steamdb.info/app/292030/charts/
Borderlands 3,https://steamdb.info/app/397540/charts/
Fields of Mistria,https://steamdb.info/app/2142790/charts/
Battlefield™ 2042,https://steamdb.info/app/1517290/charts/
NBA 2K24,https://steamdb.info/app/2338770/charts/
Abiotic Factor,https://steamdb.info/app/427410/charts/
Risk of Rain 2,https://steamdb.info/app/632360/charts/
MapleStory,https://steamdb.info/app/216150/charts/
Hero's Land,https://steamdb.info/app/2349820/charts/
Counter-Strike: Source,https://steamdb.info/app/240/charts/
OBS Studio,https://steamdb.info/app/1905180/charts/
Arma 3,https://steamdb.info/app/107410/charts/
Sea of Thieves,https://steamdb.info/app/1172620/charts/
Battlefield 1 ™,https://steamdb.info/app/1238840/charts/
Oxygen Not Included,https://steamdb.info/app/457140/charts/
VPet,https://steamdb.info/app/1920960/charts/
Summoners War,https://steamdb.info/app/2426960/charts/
Dog,https://steamdb.info/app/3076520/charts/
Squad,https://steamdb.info/app/393380/charts/
American Truck Simulator,https://steamdb.info/app/270880/charts/
Balatro,https://steamdb.info/app/2379780/charts/
MONSTER HUNTER RISE,https://steamdb.info/app/1446780/charts/
Spectre Divide Playtest,https://steamdb.info/app/2889840/charts/
Legends of Idleon MMO,https://steamdb.info/app/1476970/charts/
VTube Studio,https://steamdb.info/app/1325860/charts/
Persona 5 Royal,https://steamdb.info/app/1687950/charts/
Albion Online,https://steamdb.info/app/761890/charts/
Killing Floor 2,https://steamdb.info/app/232090/charts/
Cities: Skylines,https://steamdb.info/app/255710/charts/
Magic: The Gathering Arena,https://steamdb.info/app/2141910/charts/
Titanfall® 2,https://steamdb.info/app/1237970/charts/
PAYDAY 2,https://steamdb.info/app/218620/charts/
Russian Fishing 4,https://steamdb.info/app/766570/charts/
Supermarket Simulator,https://steamdb.info/app/2670630/charts/
STALCRAFT: X,https://steamdb.info/app/1818450/charts/
Sekiro™: Shadows Die Twice,https://steamdb.info/app/814380/charts/
Assetto Corsa,https://steamdb.info/app/244210/charts/
Palia,https://steamdb.info/app/2707930/charts/
Tabletop Simulator,https://steamdb.info/app/286160/charts/
Forza Horizon 5,https://steamdb.info/app/1551360/charts/
TEKKEN 8,https://steamdb.info/app/1778820/charts/
Blender,https://steamdb.info/app/365670/charts/
Age of Empires IV: Anniversary Edition,https://steamdb.info/app/1466860/charts/
Satisfactory,https://steamdb.info/app/526870/charts/
Tapple,https://steamdb.info/app/3047030/charts/
Victoria 3,https://steamdb.info/app/529340/charts/
Borderlands 2,https://steamdb.info/app/49520/charts/
Sword of Convallaria,https://steamdb.info/app/2526380/charts/
Among Us,https://steamdb.info/app/945360/charts/
eFootball™ 2024,https://steamdb.info/app/1665460/charts/
Starfield,https://steamdb.info/app/1716740/charts/
DSX,https://steamdb.info/app/1812620/charts/
YoloMouse,https://steamdb.info/app/1283970/charts/
Chained Together,https://steamdb.info/app/2567870/charts/
Cities: Skylines II,https://steamdb.info/app/949230/charts/
Aimlabs,https://steamdb.info/app/714010/charts/
World of Warships,https://steamdb.info/app/552990/charts/
Forza Horizon 4,https://steamdb.info/app/1293830/charts/
The Isle,https://steamdb.info/app/376210/charts/
Counter-Strike,https://steamdb.info/app/10/charts/
EARTH DEFENSE FORCE 6,https://steamdb.info/app/2291060/charts/
Enshrouded,https://steamdb.info/app/1203620/charts/
Ready or Not,https://steamdb.info/app/1144200/charts/
MARVEL SNAP,https://steamdb.info/app/1997040/charts/
Hollow Knight,https://steamdb.info/app/367520/charts/
God of War,https://steamdb.info/app/1593500/charts/
Hell Let Loose,https://steamdb.info/app/686810/charts/
Sons Of The Forest,https://steamdb.info/app/1326470/charts/
Hogwarts Legacy,https://steamdb.info/app/990080/charts/
雀魂麻将(MahjongSoul),https://steamdb.info/app/1329410/charts/
Halo: The Master Chief Collection,https://steamdb.info/app/976730/charts/
Fallout: New Vegas,https://steamdb.info/app/22380/charts/
Melvor Idle,https://steamdb.info/app/1267910/charts/
DARK SOULS™ III,https://steamdb.info/app/374320/charts/
Microsoft Flight Simulator,https://steamdb.info/app/1250410/charts/
Conan Exiles,https://steamdb.info/app/440900/charts/
Football Manager 2023,https://steamdb.info/app/1904540/charts/
V Rising,https://steamdb.info/app/1604030/charts/
Aseprite,https://steamdb.info/app/431730/charts/
Raft,https://steamdb.info/app/648800/charts/
People Playground,https://steamdb.info/app/1118200/charts/
SCP: Secret Laboratory,https://steamdb.info/app/700330/charts/
Ghost of Tsushima DIRECTOR'S CUT,https://steamdb.info/app/2215430/charts/
Kenshi,https://steamdb.info/app/233860/charts/
Halo Infinite,https://steamdb.info/app/1240440/charts/
For Honor,https://steamdb.info/app/304390/charts/
"Warhammer 40,000: Darktide",https://steamdb.info/app/1361210/charts/
Coral Island,https://steamdb.info/app/1158160/charts/
Vampire Survivors,https://steamdb.info/app/1794680/charts/
STAR WARS™: The Old Republic™,https://steamdb.info/app/1286830/charts/
PlateUp!,https://steamdb.info/app/1599600/charts/
Resident Evil 4,https://steamdb.info/app/2050650/charts/
Soulmask,https://steamdb.info/app/2646460/charts/
TCG Card Shop Simulator: Prologue,https://steamdb.info/app/3103840/charts/
Paladins,https://steamdb.info/app/444090/charts/
Content Warning,https://steamdb.info/app/2881650/charts/
Hades,https://steamdb.info/app/1145360/charts/
DAVE THE DIVER,https://steamdb.info/app/1868140/charts/
MultiVersus,https://steamdb.info/app/1818750/charts/
World of Tanks Blitz,https://steamdb.info/app/444200/charts/
Space Engineers,https://steamdb.info/app/244850/charts/
Last Epoch,https://steamdb.info/app/899770/charts/
Age of Empires III: Definitive Edition,https://steamdb.info/app/933110/charts/
NGU IDLE,https://steamdb.info/app/1147690/charts/
ヘブンバーンズレッド,https://steamdb.info/app/1973710/charts/
Persona 3 Reload,https://steamdb.info/app/2161700/charts/
New World,https://steamdb.info/app/1063730/charts/
Cell to Singularity - Evolution Never Ends,https://steamdb.info/app/977400/charts/
Divinity: Original Sin 2,https://steamdb.info/app/435150/charts/
Total War: THREE KINGDOMS,https://steamdb.info/app/779340/charts/
XCOM 2,https://steamdb.info/app/268500/charts/
Mass Effect™ Legendary Edition,https://steamdb.info/app/1328670/charts/
Total War: ROME II - Emperor Edition,https://steamdb.info/app/214950/charts/
Darkest Dungeon®,https://steamdb.info/app/262060/charts/
Guild Wars 2,https://steamdb.info/app/1284210/charts/
鬼谷八荒 Tale of Immortal,https://steamdb.info/app/1468810/charts/
Subnautica,https://steamdb.info/app/264710/charts/
Stormgate,https://steamdb.info/app/2012510/charts/
Elite Dangerous,https://steamdb.info/app/359320/charts/
Plants vs. Zombies: Game of the Year,https://steamdb.info/app/3590/charts/
MX Bikes,https://steamdb.info/app/655500/charts/
Deep Rock Galactic: Survivor,https://steamdb.info/app/2321470/charts/
Shop Titans,https://steamdb.info/app/1258080/charts/
Remnant II,https://steamdb.info/app/1282100/charts/
The Forest,https://steamdb.info/app/242760/charts/
流亡黯道,https://steamdb.info/app/2855560/charts/
Stumble Guys,https://steamdb.info/app/1677740/charts/
It Takes Two,https://steamdb.info/app/1426210/charts/
Idle Champions of the Forgotten Realms,https://steamdb.info/app/627690/charts/
Sun Haven,https://steamdb.info/app/1432860/charts/
Mount & Blade: Warband,https://steamdb.info/app/48700/charts/
NBA 2K23,https://steamdb.info/app/1919590/charts/
HITMAN World of Assassination,https://steamdb.info/app/1659040/charts/
OVR Advanced Settings,https://steamdb.info/app/1009850/charts/
Dying Light,https://steamdb.info/app/239140/charts/
Grounded,https://steamdb.info/app/962130/charts/
GUILTY GEAR -STRIVE-,https://steamdb.info/app/1384160/charts/
Assassin's Creed Odyssey,https://steamdb.info/app/812140/charts/
Brotato,https://steamdb.info/app/1942280/charts/
Lust Goddess,https://steamdb.info/app/2808930/charts/
Timberborn,https://steamdb.info/app/1062090/charts/
RuneScape,https://steamdb.info/app/1343400/charts/
Dyson Sphere Program,https://steamdb.info/app/1366540/charts/
Unnamed Space Idle,https://steamdb.info/app/2471100/charts/
Fishing Planet,https://steamdb.info/app/380600/charts/
Need for Speed™ Heat,https://steamdb.info/app/1222680/charts/
Age of Empires II (2013),https://steamdb.info/app/221380/charts/
Icarus,https://steamdb.info/app/1149460/charts/
Sky: Children of the Light,https://steamdb.info/app/2325290/charts/
GrandChase,https://steamdb.info/app/985810/charts/
Crosshair V2,https://steamdb.info/app/2250040/charts/
Goose Goose Duck,https://steamdb.info/app/1568590/charts/
小黑盒加速器,https://steamdb.info/app/1447430/charts/
Lossless Scaling,https://steamdb.info/app/993090/charts/
UBOAT,https://steamdb.info/app/494840/charts/
Wallpaper Alive,https://steamdb.info/app/2003310/charts/
Enlisted,https://steamdb.info/app/2051620/charts/
DARK SOULS™: REMASTERED,https://steamdb.info/app/570940/charts/
EVE Online,https://steamdb.info/app/8500/charts/
theHunter: Call of the Wild™,https://steamdb.info/app/518790/charts/
Horizon Forbidden West™ Complete Edition,https://steamdb.info/app/2420110/charts/
Pathfinder: Wrath of the Righteous - Enhanced Edition,https://steamdb.info/app/1184370/charts/
Noita,https://steamdb.info/app/881100/charts/
Hades II,https://steamdb.info/app/1145350/charts/
PowerWash Simulator,https://steamdb.info/app/1290000/charts/
Inscryption,https://steamdb.info/app/1092790/charts/
Crossout,https://steamdb.info/app/386180/charts/
大侠立志传：碧血丹心,https://steamdb.info/app/1948980/charts/
Yu-Gi-Oh! Duel Links,https://steamdb.info/app/601510/charts/
Call of Duty: Modern Warfare Remastered - Multiplayer,https://steamdb.info/app/393100/charts/
X4: Foundations,https://steamdb.info/app/392160/charts/
Total War: MEDIEVAL II - Definitive Edition,https://steamdb.info/app/4700/charts/
Party Animals,https://steamdb.info/app/1260320/charts/
Necesse,https://steamdb.info/app/1169040/charts/
Myth of Empires,https://steamdb.info/app/1371580/charts/
Company of Heroes 2,https://steamdb.info/app/231430/charts/
BLEACH Brave Souls - 3D Action,https://steamdb.info/app/1201240/charts/
The Planet Crafter,https://steamdb.info/app/1284190/charts/
Manor Lords,https://steamdb.info/app/1363080/charts/
The Outlast Trials,https://steamdb.info/app/1304930/charts/
Backpack Battles,https://steamdb.info/app/2427700/charts/
DARK SOULS™ II: Scholar of the First Sin,https://steamdb.info/app/335300/charts/
Celeste,https://steamdb.info/app/504230/charts/
Planet Zoo,https://steamdb.info/app/703080/charts/
Tap Ninja,https://steamdb.info/app/1891700/charts/
EA SPORTS™ FIFA 23,https://steamdb.info/app/1811260/charts/
Plants vs. Zombies™ Garden Warfare 2: Deluxe Edition,https://steamdb.info/app/1922560/charts/
BattleBit Remastered,https://steamdb.info/app/671860/charts/
Dying Light 2: Reloaded Edition,https://steamdb.info/app/534380/charts/
Chivalry 2,https://steamdb.info/app/1824220/charts/
Five Nights at Freddy's: Into the Pit,https://steamdb.info/app/2638370/charts/
DOOM Eternal,https://steamdb.info/app/782330/charts/
SAO Utils 2: Progressive,https://steamdb.info/app/877280/charts/
Kingdom Come: Deliverance,https://steamdb.info/app/379430/charts/
KINGDOM HEARTS -HD 1.5+2.5 ReMIX-,https://steamdb.info/app/2552430/charts/
Total War: PHARAOH DYNASTIES,https://steamdb.info/app/2951630/charts/
Batman™: Arkham Knight,https://steamdb.info/app/208650/charts/
Borderlands GOTY Enhanced,https://steamdb.info/app/729040/charts/
World of Tanks,https://steamdb.info/app/1407200/charts/
Tom Clancy's Ghost Recon® Wildlands,https://steamdb.info/app/460930/charts/
Arma Reforger,https://steamdb.info/app/1874880/charts/
RISK: Global Domination,https://steamdb.info/app/1128810/charts/
Predecessor,https://steamdb.info/app/961200/charts/
Call of Duty®: Black Ops Cold War,https://steamdb.info/app/1985810/charts/
Grand Theft Auto IV: The Complete Edition,https://steamdb.info/app/12210/charts/
SnowRunner,https://steamdb.info/app/1465360/charts/
Barotrauma,https://steamdb.info/app/602960/charts/
They Are Billions,https://steamdb.info/app/644930/charts/
Disney Dreamlight Valley,https://steamdb.info/app/1401590/charts/
Overcooked! 2,https://steamdb.info/app/728880/charts/
ShareX,https://steamdb.info/app/400040/charts/
"Warhammer 40,000: Rogue Trader",https://steamdb.info/app/2186680/charts/
Middle-earth™: Shadow of War™,https://steamdb.info/app/356190/charts/
Crusader Kings II,https://steamdb.info/app/203770/charts/
Rec Room,https://steamdb.info/app/471710/charts/
Total War: SHOGUN 2,https://steamdb.info/app/34330/charts/
Level Zero: Extraction,https://steamdb.info/app/1456940/charts/
Pixel Gun 3D: PC Edition,https://steamdb.info/app/2524890/charts/
DEAD OR ALIVE Xtreme Venus Vacation,https://steamdb.info/app/958260/charts/
Company of Heroes 3,https://steamdb.info/app/1677280/charts/
Clicker Heroes,https://steamdb.info/app/363970/charts/
Foxhole,https://steamdb.info/app/505460/charts/
Call to Arms - Gates of Hell: Ostfront,https://steamdb.info/app/400750/charts/
Total War: WARHAMMER II,https://steamdb.info/app/594570/charts/
Combat Master,https://steamdb.info/app/2281730/charts/
Lobotomy Corporation,https://steamdb.info/app/568220/charts/
JIANGHU CHRONICLES,https://steamdb.info/app/1909840/charts/
Insurgency: Sandstorm,https://steamdb.info/app/581320/charts/
ROMANCE OF THE THREE KINGDOMS XIV,https://steamdb.info/app/872410/charts/
PGA TOUR 2K23,https://steamdb.info/app/1588010/charts/
Rusty's Retirement,https://steamdb.info/app/2666510/charts/
ULTRAKILL,https://steamdb.info/app/1229490/charts/
METAL GEAR SOLID V: THE PHANTOM PAIN,https://steamdb.info/app/287700/charts/
Fall Guys,https://steamdb.info/app/1097150/charts/
MY HERO ULTRA RUMBLE,https://steamdb.info/app/1607250/charts/
Dead Cells,https://steamdb.info/app/588650/charts/
SNOWBREAK,https://steamdb.info/app/2668080/charts/
Frostpunk,https://steamdb.info/app/323190/charts/
Kerbal Space Program,https://steamdb.info/app/220200/charts/
Ghost Recon Breakpoint,https://steamdb.info/app/2231380/charts/
Madden NFL 24,https://steamdb.info/app/2140330/charts/
Age of Mythology: Extended Edition,https://steamdb.info/app/266840/charts/
Cuphead,https://steamdb.info/app/268910/charts/
Firestone: Online Idle RPG,https://steamdb.info/app/1013320/charts/
Disco Elysium,https://steamdb.info/app/632470/charts/
Assassin's Creed Valhalla,https://steamdb.info/app/2208920/charts/
觅长生,https://steamdb.info/app/1189490/charts/
Dome Keeper,https://steamdb.info/app/1637320/charts/
NOBUNAGA'S AMBITION: Awakening,https://steamdb.info/app/1336980/charts/
Football Manager 2022,https://steamdb.info/app/1569040/charts/
Grim Dawn,https://steamdb.info/app/219990/charts/
Farmer Against Potatoes Idle,https://steamdb.info/app/1535560/charts/
Workers & Resources: Soviet Republic,https://steamdb.info/app/784150/charts/
Dragon Age™ Inquisition,https://steamdb.info/app/1222690/charts/
Days Gone,https://steamdb.info/app/1259420/charts/
Escape the Backrooms,https://steamdb.info/app/1943950/charts/
MyDockFinder,https://steamdb.info/app/1787090/charts/
恐龙岛,https://steamdb.info/app/2894940/charts/
WWE 2K24,https://steamdb.info/app/2315690/charts/
Golf With Your Friends,https://steamdb.info/app/431240/charts/
Core Keeper,https://steamdb.info/app/1621690/charts/
Teardown,https://steamdb.info/app/1167630/charts/
FIFA 22,https://steamdb.info/app/1506830/charts/
Mortal Kombat 1,https://steamdb.info/app/1971870/charts/
Metal Slug: Awakening,https://steamdb.info/app/2963870/charts/
CarX Drift Racing Online,https://steamdb.info/app/635260/charts/
Portal 2,https://steamdb.info/app/620/charts/
The Sims™ 3,https://steamdb.info/app/47890/charts/
WorldBox - God Simulator,https://steamdb.info/app/1206560/charts/
ARMORED CORE™ VI FIRES OF RUBICON™,https://steamdb.info/app/1888160/charts/
Farlight 84,https://steamdb.info/app/1928420/charts/
Dungeons & Degenerate Gamblers,https://steamdb.info/app/2400510/charts/
BATTLETECH,https://steamdb.info/app/637090/charts/
Persona 4 Golden,https://steamdb.info/app/1113000/charts/
Total War: EMPIRE - Definitive Edition,https://steamdb.info/app/10500/charts/
Need for Speed™ Unbound,https://steamdb.info/app/1846380/charts/
Tiny Tina's Wonderlands,https://steamdb.info/app/1286680/charts/
Horizon Zero Dawn™ Complete Edition,https://steamdb.info/app/1151640/charts/
Castle Crashers,https://steamdb.info/app/204360/charts/
STAR WARS™ Empire at War: Gold Pack,https://steamdb.info/app/32470/charts/
This War of Mine,https://steamdb.info/app/282070/charts/
Half Sword Demo,https://steamdb.info/app/2642680/charts/
Totally Accurate Battle Simulator,https://steamdb.info/app/508440/charts/
State of Decay 2,https://steamdb.info/app/495420/charts/
Grocery Store Simulator,https://steamdb.info/app/2961880/charts/
DOOM + DOOM II,https://steamdb.info/app/2280/charts/
War Robots,https://steamdb.info/app/767560/charts/
F1® Manager 2024,https://steamdb.info/app/2591280/charts/
STAR WARS Jedi: Survivor™,https://steamdb.info/app/1774580/charts/
Marvel’s Spider-Man Remastered,https://steamdb.info/app/1817070/charts/
KARDS - The WWII Card Game,https://steamdb.info/app/544810/charts/
Out of the Park Baseball 25,https://steamdb.info/app/2384620/charts/
Shin Megami Tensei V: Vengeance,https://steamdb.info/app/1875830/charts/
Realm of the Mad God Exalt,https://steamdb.info/app/200210/charts/
Red Dead Online,https://steamdb.info/app/1404210/charts/
Half Sword Playtest,https://steamdb.info/app/2527870/charts/
Fallout Shelter,https://steamdb.info/app/588430/charts/
Age of Wonders 4,https://steamdb.info/app/1669000/charts/
Warhammer: Vermintide 2,https://steamdb.info/app/552500/charts/
Anno 1800,https://steamdb.info/app/916440/charts/
Your Chronicle,https://steamdb.info/app/1546320/charts/
Soulstone Survivors,https://steamdb.info/app/2066020/charts/
Planet Coaster,https://steamdb.info/app/493340/charts/
Stormworks: Build and Rescue,https://steamdb.info/app/573090/charts/
The Long Dark,https://steamdb.info/app/305620/charts/
Knock on the Coffin Lid,https://steamdb.info/app/1232580/charts/
Nova Drift,https://steamdb.info/app/858210/charts/
Don't Starve,https://steamdb.info/app/219740/charts/
Dragon's Dogma 2,https://steamdb.info/app/2054970/charts/
活俠傳,https://steamdb.info/app/1859910/charts/
Crush Crush,https://steamdb.info/app/459820/charts/
Phantasy Star Online 2 New Genesis,https://steamdb.info/app/1056640/charts/
KovaaK's,https://steamdb.info/app/824270/charts/
Lords Mobile,https://steamdb.info/app/1041320/charts/
Lost Castle 2,https://steamdb.info/app/2445690/charts/
Beasts of Bermuda,https://steamdb.info/app/719890/charts/
Summoners War: Chronicles,https://steamdb.info/app/2167580/charts/
Library Of Ruina,https://steamdb.info/app/1256670/charts/
Kingdom Rush 5: Alliance TD,https://steamdb.info/app/2849080/charts/
Depersonalization,https://steamdb.info/app/1477070/charts/
House Flipper 2,https://steamdb.info/app/1190970/charts/
DDNet,https://steamdb.info/app/412220/charts/
House Flipper,https://steamdb.info/app/613100/charts/
The Elder Scrolls IV: Oblivion,https://steamdb.info/app/22330/charts/
Green Hell,https://steamdb.info/app/815370/charts/
Medieval Dynasty,https://steamdb.info/app/1129580/charts/
Tiny Rogues,https://steamdb.info/app/2088570/charts/
Ranch Simulator,https://steamdb.info/app/1119730/charts/
Phoenix Wright: Ace Attorney Trilogy,https://steamdb.info/app/787480/charts/
Conqueror's Blade,https://steamdb.info/app/835570/charts/
Stream Avatars,https://steamdb.info/app/665300/charts/
DOOM,https://steamdb.info/app/379720/charts/
Space Station 14 Playtest,https://steamdb.info/app/1482520/charts/
三国杀,https://steamdb.info/app/1180320/charts/
Sid Meier's Civilization IV: Beyond the Sword,https://steamdb.info/app/8800/charts/
ASTRONEER,https://steamdb.info/app/361420/charts/
Transport Fever 2,https://steamdb.info/app/1066780/charts/
SAO Utils: Beta,https://steamdb.info/app/786520/charts/
The Elder Scrolls V: Skyrim,https://steamdb.info/app/72850/charts/
Dollar,https://steamdb.info/app/3069470/charts/
A Dance of Fire and Ice,https://steamdb.info/app/977950/charts/
Tom Clancy's The Division 2,https://steamdb.info/app/2221490/charts/
FINAL FANTASY XIV Online Free Trial,https://steamdb.info/app/312060/charts/
OVR Toolkit,https://steamdb.info/app/1068820/charts/
Limbus Company,https://steamdb.info/app/1973530/charts/
Soundpad Demo,https://steamdb.info/app/632810/charts/
Assetto Corsa Competizione,https://steamdb.info/app/805550/charts/
Far Cry 5,https://steamdb.info/app/552520/charts/
FINAL FANTASY VII EVER CRISIS,https://steamdb.info/app/2484110/charts/
Old School RuneScape,https://steamdb.info/app/1343370/charts/
Sid Meier's Civilization III: Complete,https://steamdb.info/app/3910/charts/
Leaf Blower Revolution - Idle Game,https://steamdb.info/app/1468260/charts/
Watch_Dogs 2,https://steamdb.info/app/447040/charts/
Wartales,https://steamdb.info/app/1527950/charts/
Total War: ATTILA,https://steamdb.info/app/325610/charts/
Battlefield 4™,https://steamdb.info/app/1238860/charts/
Devil May Cry 5,https://steamdb.info/app/601150/charts/
MechWarrior 5: Mercenaries,https://steamdb.info/app/784080/charts/
Nioh 2 – The Complete Edition,https://steamdb.info/app/1325200/charts/
Idle Cave Miner,https://steamdb.info/app/2289450/charts/
Dragon Age: Origins - Ultimate Edition,https://steamdb.info/app/47810/charts/
Mad Island,https://steamdb.info/app/2739590/charts/
The Lord of the Rings Online™,https://steamdb.info/app/212500/charts/
Resident Evil 2,https://steamdb.info/app/883710/charts/
Mortal Kombat 11,https://steamdb.info/app/976310/charts/
Car Mechanic Simulator 2021,https://steamdb.info/app/1190000/charts/
Back 4 Blood,https://steamdb.info/app/924970/charts/
Gunfire Reborn,https://steamdb.info/app/1217060/charts/
Source Filmmaker,https://steamdb.info/app/1840/charts/
Call of Duty: Black Ops II - Zombies,https://steamdb.info/app/212910/charts/
Mechabellum,https://steamdb.info/app/669330/charts/
Bopl Battle,https://steamdb.info/app/1686940/charts/
Battle Brothers,https://steamdb.info/app/365360/charts/
WARNO,https://steamdb.info/app/1611600/charts/
Rain World,https://steamdb.info/app/312520/charts/
Gray Zone Warfare,https://steamdb.info/app/2479810/charts/
My Time at Sandrock,https://steamdb.info/app/1084600/charts/
Lost Light,https://steamdb.info/app/1797880/charts/
FTL: Faster Than Light,https://steamdb.info/app/212680/charts/
Jurassic World Evolution 2,https://steamdb.info/app/1244460/charts/
Ultimate Admiral: Dreadnoughts,https://steamdb.info/app/1069660/charts/
"Warhammer 40,000: Speed Freeks",https://steamdb.info/app/2078450/charts/
Starbound,https://steamdb.info/app/211820/charts/
Blade & Sorcery,https://steamdb.info/app/629730/charts/
Against the Storm,https://steamdb.info/app/1336490/charts/
eFootball PES 2021 SEASON UPDATE,https://steamdb.info/app/1259970/charts/
Pax Dei,https://steamdb.info/app/1995520/charts/
Enter the Gungeon,https://steamdb.info/app/311690/charts/
Travellers Rest,https://steamdb.info/app/1139980/charts/
Muck,https://steamdb.info/app/1625450/charts/
Like a Dragon: Infinite Wealth,https://steamdb.info/app/2072450/charts/
Idling to Rule the Gods,https://steamdb.info/app/466170/charts/
Knight Online,https://steamdb.info/app/389430/charts/
A Little to the Left,https://steamdb.info/app/1629520/charts/
F1® 24,https://steamdb.info/app/2488620/charts/
The Walking Dead: The Telltale Definitive Series,https://steamdb.info/app/1449690/charts/
Farming Simulator 19,https://steamdb.info/app/787860/charts/
Granblue Fantasy: Relink,https://steamdb.info/app/881020/charts/
Conqueror's Blade,https://steamdb.info/app/905370/charts/
Empyrion - Galactic Survival,https://steamdb.info/app/383120/charts/
STAR WARS™ Battlefront™ II,https://steamdb.info/app/1237950/charts/
Idle Slayer,https://steamdb.info/app/1353300/charts/
Bananamana,https://steamdb.info/app/3056550/charts/
Wizard101,https://steamdb.info/app/799960/charts/
Northgard,https://steamdb.info/app/466560/charts/
Bellwright,https://steamdb.info/app/1812450/charts/
DRAGON BALL FighterZ,https://steamdb.info/app/678950/charts/
The Texas Chain Saw Massacre,https://steamdb.info/app/1433140/charts/
Lies of P,https://steamdb.info/app/1627720/charts/
Prison Architect,https://steamdb.info/app/233450/charts/
HoloCure - Save the Fans!,https://steamdb.info/app/2420510/charts/
Toram Online,https://steamdb.info/app/1827180/charts/
Star Trek Online,https://steamdb.info/app/9900/charts/
DRAGON BALL XENOVERSE 2,https://steamdb.info/app/454650/charts/
Dwarf Fortress,https://steamdb.info/app/975370/charts/
Chinese Parents,https://steamdb.info/app/736190/charts/
Mortal Online 2,https://steamdb.info/app/1170950/charts/
Gorilla Tag,https://steamdb.info/app/1533390/charts/
Football Manager 2021,https://steamdb.info/app/1263850/charts/
Transformice,https://steamdb.info/app/335240/charts/
Pummel Party,https://steamdb.info/app/880940/charts/
DRAGON QUEST XI S: Echoes of an Elusive Age – Definitive Edition,https://steamdb.info/app/1295510/charts/
One-armed robber,https://steamdb.info/app/2551020/charts/
Resident Evil Village,https://steamdb.info/app/1196590/charts/
DREDGE,https://steamdb.info/app/1562430/charts/
Assassin's Creed Origins,https://steamdb.info/app/582160/charts/
Graveyard Keeper,https://steamdb.info/app/599140/charts/
Tavern Manager Simulator,https://steamdb.info/app/2756770/charts/
Asphalt Legends Unite,https://steamdb.info/app/1815780/charts/
Darkest Dungeon® II,https://steamdb.info/app/1940340/charts/
Dota Underlords,https://steamdb.info/app/1046930/charts/
Heroes of Might & Magic III - HD Edition,https://steamdb.info/app/297000/charts/
LOCKDOWN Protocol,https://steamdb.info/app/2780980/charts/
Trove,https://steamdb.info/app/304050/charts/
Call of Duty®: Modern Warfare®,https://steamdb.info/app/2000950/charts/
Allods Online,https://steamdb.info/app/459160/charts/
Neverwinter Nights: Enhanced Edition,https://steamdb.info/app/704450/charts/
Granado Espada,https://steamdb.info/app/663090/charts/
HudSight - custom crosshair overlay,https://steamdb.info/app/1477830/charts/
Crab Champions,https://steamdb.info/app/774801/charts/
Norland,https://steamdb.info/app/1857090/charts/
Farthest Frontier,https://steamdb.info/app/1044720/charts/
Spore,https://steamdb.info/app/17390/charts/
My Summer Car,https://steamdb.info/app/516750/charts/
NieR:Automata™,https://steamdb.info/app/524220/charts/
Sniper Elite 5,https://steamdb.info/app/1029690/charts/
Fallout 3 - Game of the Year Edition,https://steamdb.info/app/22370/charts/
Spirit City: Lofi Sessions,https://steamdb.info/app/2113850/charts/
Action Taimanin,https://steamdb.info/app/1335200/charts/
ROUNDS,https://steamdb.info/app/1557740/charts/
Palworld Dedicated Server,https://steamdb.info/app/2394010/charts/
STAR WARS Jedi: Fallen Order™,https://steamdb.info/app/1172380/charts/
SteamWorld Heist II,https://steamdb.info/app/2396240/charts/
Undertale,https://steamdb.info/app/391540/charts/
修仙小屋,https://steamdb.info/app/2892880/charts/
MORDHAU,https://steamdb.info/app/629760/charts/
DCS World Steam Edition,https://steamdb.info/app/223750/charts/
AdVenture Capitalist,https://steamdb.info/app/346900/charts/
Dead Frontier 2,https://steamdb.info/app/744900/charts/
Your Only Move Is HUSTLE,https://steamdb.info/app/2212330/charts/
漂流佣兵 Demo,https://steamdb.info/app/3141670/charts/
DEVOUR,https://steamdb.info/app/1274570/charts/
嗜血印 Bloody Spell,https://steamdb.info/app/992300/charts/
Football Manager 2020,https://steamdb.info/app/1100600/charts/
MOBILE SUIT GUNDAM BATTLE OPERATION 2,https://steamdb.info/app/1367080/charts/
Marvel's Midnight Suns,https://steamdb.info/app/368260/charts/
PILGRIM,https://steamdb.info/app/2965660/charts/
XSOverlay,https://steamdb.info/app/1173510/charts/
Detroit: Become Human,https://steamdb.info/app/1222140/charts/
Two Point Campus,https://steamdb.info/app/1649080/charts/
Far Cry 6,https://steamdb.info/app/2369390/charts/
March of Empires,https://steamdb.info/app/702320/charts/
Brick Rigs,https://steamdb.info/app/552100/charts/
Two Point Hospital,https://steamdb.info/app/535930/charts/
Captain of Industry,https://steamdb.info/app/1594320/charts/
Half-Life,https://steamdb.info/app/70/charts/
DRAGON BALL Z: KAKAROT,https://steamdb.info/app/851850/charts/
Skul: The Hero Slayer,https://steamdb.info/app/1147560/charts/
ASKA,https://steamdb.info/app/1898300/charts/
Ravenfield,https://steamdb.info/app/636480/charts/
Super Auto Pets,https://steamdb.info/app/1714040/charts/
Rogue: Genesia,https://steamdb.info/app/2067920/charts/
Company of Heroes,https://steamdb.info/app/228200/charts/
Catan Universe,https://steamdb.info/app/544730/charts/
Galaxy Idle Clicker,https://steamdb.info/app/2962810/charts/
Gems of War,https://steamdb.info/app/329110/charts/
MechWarrior Online,https://steamdb.info/app/342200/charts/
Dishonored,https://steamdb.info/app/205100/charts/
World War Z,https://steamdb.info/app/699130/charts/
DEATH STRANDING DIRECTOR'S CUT,https://steamdb.info/app/1850570/charts/
Death Must Die,https://steamdb.info/app/2334730/charts/
Yakuza: Like a Dragon,https://steamdb.info/app/1235140/charts/
RPG Maker MV,https://steamdb.info/app/363890/charts/
Half-Life 2,https://steamdb.info/app/220/charts/
Wobbly Life,https://steamdb.info/app/1211020/charts/
Nine Sols,https://steamdb.info/app/1809540/charts/
Infection Free Zone,https://steamdb.info/app/1465460/charts/
Total War: NAPOLEON - Definitive Edition,https://steamdb.info/app/34030/charts/
Wolfenstein: The New Order,https://steamdb.info/app/201810/charts/
Subnautica: Below Zero,https://steamdb.info/app/848450/charts/
RPG Maker MZ,https://steamdb.info/app/1096900/charts/
A Way Out,https://steamdb.info/app/1222700/charts/
Yakuza 0,https://steamdb.info/app/638970/charts/
Shadowverse,https://steamdb.info/app/453480/charts/
Wandering Sword,https://steamdb.info/app/1876890/charts/
Romance of the Three Kingdoms XI with Power Up Kit,https://steamdb.info/app/628070/charts/
Tower of Fantasy,https://steamdb.info/app/2064650/charts/
Command & Conquer: Red Alert™ 2 and Yuri’s Revenge™,https://steamdb.info/app/2229850/charts/
Across the Obelisk,https://steamdb.info/app/1385380/charts/
Dinkum,https://steamdb.info/app/1062520/charts/
Trailmakers,https://steamdb.info/app/585420/charts/
太吾绘卷 The Scroll Of Taiwu,https://steamdb.info/app/838350/charts/
Total War: ROME REMASTERED,https://steamdb.info/app/885970/charts/
Dishonored 2,https://steamdb.info/app/403640/charts/
Trackmania,https://steamdb.info/app/2225070/charts/
Dead Space,https://steamdb.info/app/1693980/charts/
Bodycam,https://steamdb.info/app/2406770/charts/
Wingspan,https://steamdb.info/app/1054490/charts/
Outer Wilds,https://steamdb.info/app/753640/charts/
Yi Xian: The Cultivation Card Game,https://steamdb.info/app/1948800/charts/
F1® 23,https://steamdb.info/app/2108330/charts/
Call of Duty: Black Ops,https://steamdb.info/app/42700/charts/
Antimatter Dimensions,https://steamdb.info/app/1399720/charts/
Incremental Epic Hero 2,https://steamdb.info/app/1690710/charts/
麻雀一番街 - 本格麻雀ゲーム,https://steamdb.info/app/1954420/charts/
Titan Quest Anniversary Edition,https://steamdb.info/app/475150/charts/
Men of War: Assault Squad 2,https://steamdb.info/app/244450/charts/
GTFO,https://steamdb.info/app/493520/charts/
Batman: Arkham City GOTY,https://steamdb.info/app/200260/charts/
Slime Rancher,https://steamdb.info/app/433340/charts/
Dungeon Stalkers Playtest,https://steamdb.info/app/2691730/charts/
The Last of Us™ Part I,https://steamdb.info/app/1888930/charts/
Legion TD 2,https://steamdb.info/app/469600/charts/
PlanetSide 2,https://steamdb.info/app/218230/charts/
Supreme Commander: Forged Alliance,https://steamdb.info/app/9420/charts/
Human Fall Flat,https://steamdb.info/app/477160/charts/
Resident Evil 4 (2005),https://steamdb.info/app/254700/charts/
Borderlands: The Pre-Sequel,https://steamdb.info/app/261640/charts/
Muse Dash,https://steamdb.info/app/774171/charts/
ACE COMBAT™7: SKIES UNKNOWN,https://steamdb.info/app/502500/charts/
生死狙击2,https://steamdb.info/app/1969870/charts/
FINAL FANTASY VII REMAKE INTERGRADE,https://steamdb.info/app/1462040/charts/
Driver Booster for Steam,https://steamdb.info/app/920490/charts/
Resident Evil 5,https://steamdb.info/app/21690/charts/
EVGA Precision X1,https://steamdb.info/app/268850/charts/
Kingdom Two Crowns,https://steamdb.info/app/701160/charts/
Egg Surprise,https://steamdb.info/app/3017120/charts/
FINAL FANTASY X/X-2 HD Remaster,https://steamdb.info/app/359870/charts/
Gloomhaven,https://steamdb.info/app/780290/charts/
The Perfect Tower II,https://steamdb.info/app/1197260/charts/
Prince of Persia The Lost Crown,https://steamdb.info/app/2751000/charts/
Mabinogi,https://steamdb.info/app/212200/charts/
Going Medieval,https://steamdb.info/app/1029780/charts/
Pacific Drive,https://steamdb.info/app/1458140/charts/
Mad Max,https://steamdb.info/app/234140/charts/
Trimps,https://steamdb.info/app/1877960/charts/
Tropico 6,https://steamdb.info/app/492720/charts/
Stacklands,https://steamdb.info/app/1948280/charts/
Mr.Mine,https://steamdb.info/app/1397920/charts/
Atelier Resleriana: Forgotten Alchemy and the Polar Night Liberator [JP],https://steamdb.info/app/2586520/charts/
Rivals of Aether,https://steamdb.info/app/383980/charts/
For The King,https://steamdb.info/app/527230/charts/
Command & Conquer™ Generals Zero Hour,https://steamdb.info/app/2732960/charts/
Resident Evil 7 Biohazard,https://steamdb.info/app/418370/charts/
Bloons TD Battles 2,https://steamdb.info/app/1276390/charts/
OMORI,https://steamdb.info/app/1150690/charts/
PANICORE,https://steamdb.info/app/2695940/charts/
Idle Wizard,https://steamdb.info/app/992070/charts/
Peglin,https://steamdb.info/app/1296610/charts/
Roboquest,https://steamdb.info/app/692890/charts/
CounterSide,https://steamdb.info/app/1976440/charts/
"Warhammer 40,000: Dawn of War - Soulstorm",https://steamdb.info/app/9450/charts/
Farm Together 2,https://steamdb.info/app/2418520/charts/
Dread Hunger,https://steamdb.info/app/1418630/charts/
Real Pool 3D - Poolians,https://steamdb.info/app/670290/charts/
剑气劫,https://steamdb.info/app/2739600/charts/
Assassin's Creed Unity,https://steamdb.info/app/289650/charts/
Realm Grinder,https://steamdb.info/app/610080/charts/
For The King II,https://steamdb.info/app/1676840/charts/
Assassin's Creed IV Black Flag,https://steamdb.info/app/242050/charts/
ATLAS,https://steamdb.info/app/834910/charts/
Mindustry,https://steamdb.info/app/1127400/charts/
Night of the Full Moon,https://steamdb.info/app/769560/charts/
The Crust,https://steamdb.info/app/1465470/charts/
No More Room in Hell,https://steamdb.info/app/224260/charts/
"Warhammer 40,000: Gladius - Relics of War",https://steamdb.info/app/489630/charts/
Ultimate Chicken Horse,https://steamdb.info/app/386940/charts/
Scrap Mechanic,https://steamdb.info/app/387990/charts/
Assassin's Creed II,https://steamdb.info/app/33230/charts/
Cat Quest III,https://steamdb.info/app/2305840/charts/
Fate/stay night REMASTERED,https://steamdb.info/app/2396980/charts/
Stranded: Alien Dawn,https://steamdb.info/app/1324130/charts/
Outpost: Infinity Siege,https://steamdb.info/app/1566690/charts/
OCTOPATH TRAVELER II,https://steamdb.info/app/1971650/charts/
BlazBlue Entropy Effect,https://steamdb.info/app/2273430/charts/
Sid Meier's Civilization IV,https://steamdb.info/app/3900/charts/
"Warhammer 40,000: Space Marine - Anniversary Edition",https://steamdb.info/app/55150/charts/
依盖之书 book of yog,https://steamdb.info/app/1097430/charts/
Dead Island 2,https://steamdb.info/app/934700/charts/
Command & Conquer™ Remastered Collection,https://steamdb.info/app/1213210/charts/
ONE PIECE: PIRATE WARRIORS 4,https://steamdb.info/app/1089090/charts/
Romance of the Three Kingdoms XIII,https://steamdb.info/app/363150/charts/
South Park The Fractured But Whole,https://steamdb.info/app/488790/charts/
Rise of the Tomb Raider,https://steamdb.info/app/391220/charts/
Outward,https://steamdb.info/app/794260/charts/
Empires of the Undergrowth,https://steamdb.info/app/463530/charts/
Sunkenland,https://steamdb.info/app/2080690/charts/
Dune: Imperium,https://steamdb.info/app/1689500/charts/
Undawn,https://steamdb.info/app/1881700/charts/
CODE VEIN,https://steamdb.info/app/678960/charts/
HUMANKIND™,https://steamdb.info/app/1124300/charts/
Escape Simulator,https://steamdb.info/app/1435790/charts/
Resident Evil 6,https://steamdb.info/app/221040/charts/
UNO,https://steamdb.info/app/470220/charts/
TaleSpire,https://steamdb.info/app/720620/charts/
My Singing Monsters,https://steamdb.info/app/1419170/charts/
Town of Salem 2,https://steamdb.info/app/2140510/charts/
Wolfenstein II: The New Colossus,https://steamdb.info/app/612880/charts/
Sniper Elite 4,https://steamdb.info/app/312660/charts/
Squad 44,https://steamdb.info/app/736220/charts/
Summer Clover,https://steamdb.info/app/2458860/charts/
封灵档案/Soul Dossier,https://steamdb.info/app/1520470/charts/
REM: The Prologue,https://steamdb.info/app/3096730/charts/
Zuma Deluxe,https://steamdb.info/app/3330/charts/
Dungeon Defenders,https://steamdb.info/app/65800/charts/
Railroader,https://steamdb.info/app/1683150/charts/
Black Mesa,https://steamdb.info/app/362890/charts/
Ori and the Will of the Wisps,https://steamdb.info/app/1057090/charts/
Half-Life: Alyx,https://steamdb.info/app/546560/charts/
Super Animal Royale,https://steamdb.info/app/843380/charts/
Buckshot Roulette,https://steamdb.info/app/2835570/charts/
Digimon Story Cyber Sleuth: Complete Edition,https://steamdb.info/app/1042550/charts/
Pathfinder: Kingmaker,https://steamdb.info/app/640820/charts/
Avorion,https://steamdb.info/app/445220/charts/
Stray,https://steamdb.info/app/1332010/charts/
VRoid Studio,https://steamdb.info/app/1486350/charts/
RetroArch,https://steamdb.info/app/1118310/charts/
Just Cause 3,https://steamdb.info/app/225540/charts/
Rise of Nations: Extended Edition,https://steamdb.info/app/287450/charts/
Angel Legion: LSP Idle RPG,https://steamdb.info/app/1333350/charts/
Jagged Alliance 3,https://steamdb.info/app/1084160/charts/
Axis & Allies 1942 Online,https://steamdb.info/app/898920/charts/
Cataclismo,https://steamdb.info/app/1422440/charts/
Senren＊Banka,https://steamdb.info/app/1144400/charts/
ホロライブお宝マウンテン,https://steamdb.info/app/2972990/charts/
Neverwinter,https://steamdb.info/app/109600/charts/
Rocksmith® 2014 Edition - Remastered,https://steamdb.info/app/221680/charts/
PAYDAY 3,https://steamdb.info/app/1272080/charts/
RAID: Shadow Legends,https://steamdb.info/app/2333480/charts/
Cosmoteer: Starship Architect & Commander,https://steamdb.info/app/799600/charts/
NBA 2K22,https://steamdb.info/app/1644960/charts/
Omega Strikers,https://steamdb.info/app/1869590/charts/
Alice: Madness Returns,https://steamdb.info/app/19680/charts/
Undisputed,https://steamdb.info/app/1451190/charts/
Rome: Total War,https://steamdb.info/app/4760/charts/
Call of Duty: World at War,https://steamdb.info/app/10090/charts/
DiRT Rally 2.0,https://steamdb.info/app/690790/charts/
东方夜雀食堂 - Touhou Mystia's Izakaya,https://steamdb.info/app/1584090/charts/
The Hungry Lamb: Traveling in the Late Ming Dynasty,https://steamdb.info/app/2593370/charts/
Beat Saber,https://steamdb.info/app/620980/charts/
Friends vs Friends,https://steamdb.info/app/1785150/charts/
Chillquarium,https://steamdb.info/app/2276930/charts/
Sins of a Solar Empire: Rebellion,https://steamdb.info/app/204880/charts/
Chrono Ark,https://steamdb.info/app/1188930/charts/
Stay Out,https://steamdb.info/app/1180380/charts/
Wreckfest,https://steamdb.info/app/228380/charts/
Eternal Return,https://steamdb.info/app/1049590/charts/
The Descendant,https://steamdb.info/app/351940/charts/
Prey,https://steamdb.info/app/480490/charts/
LEGO® Star Wars™: The Skywalker Saga,https://steamdb.info/app/920210/charts/
Age of Empires: Definitive Edition,https://steamdb.info/app/1017900/charts/
XCOM: Enemy Unknown,https://steamdb.info/app/200510/charts/
Astral Ascent,https://steamdb.info/app/1280930/charts/
SurrounDead,https://steamdb.info/app/1645820/charts/
Dragon Age II,https://steamdb.info/app/1238040/charts/
中国式网游,https://steamdb.info/app/1416920/charts/
Demonologist,https://steamdb.info/app/1929610/charts/
Mini Motorways,https://steamdb.info/app/1127500/charts/
Dragon's Dogma: Dark Arisen,https://steamdb.info/app/367500/charts/
TEKKEN 7,https://steamdb.info/app/389730/charts/
GWENT: The Witcher Card Game,https://steamdb.info/app/1284410/charts/
Yaoling: Mythical Journey,https://steamdb.info/app/2816950/charts/
Game of Thrones Winter is Coming,https://steamdb.info/app/1105420/charts/
Bitburner,https://steamdb.info/app/1812820/charts/
Marvel's Spider-Man: Miles Morales,https://steamdb.info/app/1817190/charts/
Tomb Raider,https://steamdb.info/app/203160/charts/
Watch_Dogs,https://steamdb.info/app/243470/charts/
Volcano Princess,https://steamdb.info/app/1669980/charts/
Apollo Justice: Ace Attorney Trilogy,https://steamdb.info/app/2187220/charts/
NARUTO SHIPPUDEN: Ultimate Ninja STORM 4,https://steamdb.info/app/349040/charts/
Victoria II,https://steamdb.info/app/42960/charts/
Onmyoji,https://steamdb.info/app/551170/charts/
Caves of Qud,https://steamdb.info/app/333640/charts/
Idle Clans,https://steamdb.info/app/2103530/charts/
Winning Post 10 2024,https://steamdb.info/app/2586650/charts/
Krita,https://steamdb.info/app/280680/charts/
South Park™: The Stick of Truth™,https://steamdb.info/app/213670/charts/
Blasphemous,https://steamdb.info/app/774361/charts/
Fear & Hunger 2: Termina,https://steamdb.info/app/2171440/charts/
Idle Fishing,https://steamdb.info/app/2725560/charts/
Banished,https://steamdb.info/app/242920/charts/
Kingdom Rush Vengeance,https://steamdb.info/app/1367550/charts/
Metro Exodus Enhanced Edition,https://steamdb.info/app/1449560/charts/
Wargame: Red Dragon,https://steamdb.info/app/251060/charts/
Valheim Dedicated Server,https://steamdb.info/app/896660/charts/
Borderless Gaming,https://steamdb.info/app/388080/charts/
My Time at Portia,https://steamdb.info/app/666140/charts/
Yog-Sothoth's Yard,https://steamdb.info/app/2194530/charts/
Granblue Fantasy Versus: Rising,https://steamdb.info/app/2157560/charts/
Idle Hero TD,https://steamdb.info/app/2897580/charts/
Microsoft Flight Simulator X: Steam Edition,https://steamdb.info/app/314160/charts/
修真大陆,https://steamdb.info/app/2742140/charts/
Pocket Waifu: Desktop Pet,https://steamdb.info/app/2989820/charts/
Amazing Cultivation Simulator,https://steamdb.info/app/955900/charts/
The Legend of Heroes: Trails through Daybreak,https://steamdb.info/app/2138610/charts/
Sifu,https://steamdb.info/app/2138710/charts/
Left 4 Dead,https://steamdb.info/app/500/charts/
Murky Divers,https://steamdb.info/app/2963880/charts/
Call of Duty: Infinite Warfare,https://steamdb.info/app/292730/charts/
暖雪 Warm Snow,https://steamdb.info/app/1296830/charts/
KINGDOM HEARTS III + Re Mind (DLC),https://steamdb.info/app/2552450/charts/
The Elder Scrolls III: Morrowind,https://steamdb.info/app/22320/charts/
Surviving Mars,https://steamdb.info/app/464920/charts/
ContractVille,https://steamdb.info/app/2698780/charts/
Batman™: Arkham Origins,https://steamdb.info/app/209000/charts/
Age of History II,https://steamdb.info/app/603850/charts/
Inkbound,https://steamdb.info/app/1062810/charts/
Tribes of Midgard,https://steamdb.info/app/858820/charts/
Poppy Playtime,https://steamdb.info/app/1721470/charts/
Batman: Arkham Asylum GOTY Edition,https://steamdb.info/app/35140/charts/
Astral Party,https://steamdb.info/app/2622000/charts/
Kingdom Rush,https://steamdb.info/app/246420/charts/
EARTH DEFENSE FORCE 5,https://steamdb.info/app/1007040/charts/
Shakes and Fidget,https://steamdb.info/app/438040/charts/
Emberward,https://steamdb.info/app/2459550/charts/
Shadow of the Tomb Raider,https://steamdb.info/app/750920/charts/
Barony,https://steamdb.info/app/371970/charts/
shapez,https://steamdb.info/app/1318690/charts/
Soulworker,https://steamdb.info/app/1377580/charts/
RealFlight Evolution,https://steamdb.info/app/2069310/charts/
Ultimate General: Civil War,https://steamdb.info/app/502520/charts/
Rabbit and Steel,https://steamdb.info/app/2132850/charts/
POLYGON,https://steamdb.info/app/1241100/charts/
Terra Invicta,https://steamdb.info/app/1176470/charts/
Idle Spiral,https://steamdb.info/app/1827980/charts/
X-Plane 11,https://steamdb.info/app/269950/charts/
SMASH LEGENDS,https://steamdb.info/app/1352080/charts/
Forza Motorsport,https://steamdb.info/app/2440510/charts/
Portal,https://steamdb.info/app/400/charts/
Thank Goodness You're Here!,https://steamdb.info/app/2366980/charts/
Stronghold Crusader HD,https://steamdb.info/app/40970/charts/
Alien: Isolation,https://steamdb.info/app/214490/charts/
Middle-earth™: Shadow of Mordor™,https://steamdb.info/app/241930/charts/
Disney Speedstorm,https://steamdb.info/app/1537830/charts/
Coloring Pixels,https://steamdb.info/app/897330/charts/
Increlution,https://steamdb.info/app/1593350/charts/
Pizza Tower,https://steamdb.info/app/2231450/charts/
Call of Duty: Modern Warfare Remastered (2017),https://steamdb.info/app/393080/charts/
GROUND BRANCH,https://steamdb.info/app/16900/charts/
Metro Exodus,https://steamdb.info/app/412020/charts/
Far Cry 4,https://steamdb.info/app/298110/charts/
EverQuest Free-to-Play,https://steamdb.info/app/205710/charts/
LEGO® MARVEL Super Heroes,https://steamdb.info/app/249130/charts/
Honey Peach Clicker,https://steamdb.info/app/3056370/charts/
Terraforming Mars,https://steamdb.info/app/800270/charts/
Feed The Cups,https://steamdb.info/app/2336220/charts/
LurkBait Twitch Fishing,https://steamdb.info/app/2767520/charts/
Avatar: Frontiers of Pandora,https://steamdb.info/app/2840770/charts/
Golf It!,https://steamdb.info/app/571740/charts/
DC Universe Online,https://steamdb.info/app/24200/charts/
吞食天地2：誕生,https://steamdb.info/app/2396910/charts/
Imperator: Rome,https://steamdb.info/app/859580/charts/
Fear & Hunger,https://steamdb.info/app/1002300/charts/
Drug Dealer Simulator 2,https://steamdb.info/app/1708850/charts/
Gears 5,https://steamdb.info/app/1097840/charts/
Monster Train,https://steamdb.info/app/1102190/charts/
Dragonheir: Silent Gods,https://steamdb.info/app/2203070/charts/
STAR WARS™ Knights of the Old Republic™ II: The Sith Lords™,https://steamdb.info/app/208580/charts/
Automation - The Car Company Tycoon Game,https://steamdb.info/app/293760/charts/
Doki Doki Literature Club,https://steamdb.info/app/698780/charts/
Forager,https://steamdb.info/app/751780/charts/
Blush Blush,https://steamdb.info/app/777130/charts/
Songs of Syx,https://steamdb.info/app/1162750/charts/
ENDLESS™ Space 2,https://steamdb.info/app/392110/charts/
Screw Drivers,https://steamdb.info/app/1279510/charts/
Thronefall,https://steamdb.info/app/2239150/charts/
Kingdom Rush Frontiers,https://steamdb.info/app/458710/charts/
Conflict of Nations: World War 3,https://steamdb.info/app/784950/charts/
Mecha BREAK Playtest,https://steamdb.info/app/3016800/charts/
Stick Fight: The Game,https://steamdb.info/app/674940/charts/
Cry of Fear,https://steamdb.info/app/223710/charts/
Age of Empires® III (2007),https://steamdb.info/app/105450/charts/
Business Tour - Online Multiplayer Board Game,https://steamdb.info/app/397900/charts/
Counter-Strike Nexon: Studio,https://steamdb.info/app/273110/charts/
Worms W.M.D,https://steamdb.info/app/327030/charts/
DJMAX RESPECT V,https://steamdb.info/app/960170/charts/
Shadows of Doubt,https://steamdb.info/app/986130/charts/
The Long Drive,https://steamdb.info/app/1017180/charts/
Pro Soccer Online,https://steamdb.info/app/1583320/charts/
Ratopia,https://steamdb.info/app/2244130/charts/
Rogue Company,https://steamdb.info/app/872200/charts/
星之翼（Starward）,https://steamdb.info/app/2764370/charts/
Mass Effect™: Andromeda,https://steamdb.info/app/1238000/charts/
奕剑江湖,https://steamdb.info/app/2701510/charts/
Sleeping Dogs: Definitive Edition,https://steamdb.info/app/307690/charts/
Police Simulator: Patrol Officers,https://steamdb.info/app/997010/charts/
BioShock Remastered,https://steamdb.info/app/409710/charts/
三国群英传2,https://steamdb.info/app/1437830/charts/
Spiritfarer®: Farewell Edition,https://steamdb.info/app/972660/charts/
VBridger,https://steamdb.info/app/1898830/charts/
Crime Boss: Rockay City,https://steamdb.info/app/2933080/charts/
3DMark,https://steamdb.info/app/223850/charts/
The Riftbreaker,https://steamdb.info/app/780310/charts/
Ghosts Of Tabor,https://steamdb.info/app/1957780/charts/
Football Manager 2019,https://steamdb.info/app/872790/charts/
Overcooked! All You Can Eat,https://steamdb.info/app/1243830/charts/
"INAZUMA ELEVEN: Victory Road Worldwide Beta Test Demo ""Leave Your Inazuma Mark on the World!""",https://steamdb.info/app/2854160/charts/
Command & Conquer™ Red Alert™ 3,https://steamdb.info/app/17480/charts/
Halls of Torment,https://steamdb.info/app/2218750/charts/
Plants vs. Zombies: Battle for Neighborville,https://steamdb.info/app/1262240/charts/
失业了，我获得了亿万游戏财产！,https://steamdb.info/app/2875140/charts/
Bejeweled 3,https://steamdb.info/app/78000/charts/
Baldur's Gate: Enhanced Edition,https://steamdb.info/app/228280/charts/
Resident Evil 3,https://steamdb.info/app/952060/charts/
FINAL FANTASY XV WINDOWS EDITION,https://steamdb.info/app/637650/charts/
Magic Research 2,https://steamdb.info/app/2864890/charts/
懒人修仙传2,https://steamdb.info/app/1266630/charts/
Streets of Rogue,https://steamdb.info/app/512900/charts/
Grand Theft Auto: San Andreas,https://steamdb.info/app/12120/charts/
Supermarket Simulator: Prologue,https://steamdb.info/app/2772560/charts/
Need for Speed™ Payback,https://steamdb.info/app/1262580/charts/
VLADiK BRUTAL,https://steamdb.info/app/1316680/charts/
へなぽらんど,https://steamdb.info/app/2627540/charts/
Spelunky 2,https://steamdb.info/app/418530/charts/
"Warhammer 40,000: Chaos Gate - Daemonhunters",https://steamdb.info/app/1611910/charts/
No Rest for the Wicked,https://steamdb.info/app/1371980/charts/
Mahjong Soul,https://steamdb.info/app/2739990/charts/
無休仙途,https://steamdb.info/app/2654540/charts/
Hydroneer,https://steamdb.info/app/1106840/charts/
Backpack Hero,https://steamdb.info/app/1970580/charts/
THE JOY OF CREATION Demo,https://steamdb.info/app/3107070/charts/
Trepang2,https://steamdb.info/app/1164940/charts/
Infinitode 2,https://steamdb.info/app/937310/charts/
下一站江湖Ⅱ,https://steamdb.info/app/1606180/charts/
Godot Engine,https://steamdb.info/app/404790/charts/
Vampire: The Masquerade - Bloodhunt,https://steamdb.info/app/760160/charts/
LastCloudiaTc,https://steamdb.info/app/1499560/charts/
DEAD OR ALIVE Xtreme Venus Vacation [JP],https://steamdb.info/app/1361350/charts/
EA SPORTS™ PGA TOUR™,https://steamdb.info/app/1677350/charts/
Tower Unite,https://steamdb.info/app/394690/charts/
Space Haven,https://steamdb.info/app/979110/charts/
Splitgate,https://steamdb.info/app/677620/charts/
Hi-Fi RUSH,https://steamdb.info/app/1817230/charts/
Far Cry® 3,https://steamdb.info/app/220240/charts/
Divinity: Original Sin Enhanced Edition,https://steamdb.info/app/373420/charts/
Slapshot: Rebound,https://steamdb.info/app/1173370/charts/
NOBUNAGA'S AMBITION: Hadou,https://steamdb.info/app/2154770/charts/
theHunter Classic,https://steamdb.info/app/253710/charts/
DRAGON BALL: THE BREAKERS,https://steamdb.info/app/1276760/charts/
Way of the Hunter,https://steamdb.info/app/1288320/charts/
UNCHARTED™: Legacy of Thieves Collection,https://steamdb.info/app/1659420/charts/
ChillPulse,https://steamdb.info/app/2826180/charts/
Call of Duty: Black Ops II - Multiplayer,https://steamdb.info/app/202990/charts/
X-Plane 12,https://steamdb.info/app/2014780/charts/
The Crew 2,https://steamdb.info/app/646910/charts/
Deceit 2,https://steamdb.info/app/2064870/charts/
Bless Unleashed,https://steamdb.info/app/1254120/charts/
Dungeon Defenders II,https://steamdb.info/app/236110/charts/
Gas Station Simulator,https://steamdb.info/app/1149620/charts/
Animaze,https://steamdb.info/app/1364390/charts/
Minion Masters,https://steamdb.info/app/489520/charts/
Kingdoms and Castles,https://steamdb.info/app/569480/charts/
Will To Live Online,https://steamdb.info/app/707010/charts/
VTOL VR,https://steamdb.info/app/667970/charts/
Control Ultimate Edition,https://steamdb.info/app/870780/charts/
Mafia III: Definitive Edition,https://steamdb.info/app/360430/charts/
ASTRA: Knights of Veda,https://steamdb.info/app/2484250/charts/
Thief Simulator,https://steamdb.info/app/704850/charts/
SD GUNDAM G GENERATION CROSS RAYS,https://steamdb.info/app/728530/charts/
Starship Troopers: Extermination,https://steamdb.info/app/1268750/charts/
LoveBeat,https://steamdb.info/app/354290/charts/
Slime Rancher 2,https://steamdb.info/app/1657630/charts/
Command & Conquer 3: Kane's Wrath™,https://steamdb.info/app/24810/charts/
Automobilista 2,https://steamdb.info/app/1066890/charts/
Solasta: Crown of the Magister,https://steamdb.info/app/1096530/charts/
Magicraft,https://steamdb.info/app/2103140/charts/
Vindictus,https://steamdb.info/app/212160/charts/
Car Manufacture,https://steamdb.info/app/983380/charts/
Baldur's Gate II: Enhanced Edition,https://steamdb.info/app/257350/charts/
FireAlpaca SE,https://steamdb.info/app/458750/charts/
Remnant: From the Ashes,https://steamdb.info/app/617290/charts/
BioShock Infinite,https://steamdb.info/app/8870/charts/
SimCity 4 Deluxe,https://steamdb.info/app/24780/charts/
From The Depths,https://steamdb.info/app/268650/charts/
Karos,https://steamdb.info/app/337410/charts/
The Great Ace Attorney Chronicles,https://steamdb.info/app/1158850/charts/
Minecraft Dungeons,https://steamdb.info/app/1672970/charts/
Train Sim World® 4,https://steamdb.info/app/2362300/charts/
Wildermyth,https://steamdb.info/app/763890/charts/
FOUNDRY,https://steamdb.info/app/983870/charts/
Torchlight: Infinite,https://steamdb.info/app/1974050/charts/
