,app_id,Nome,URL
7,1245620,ELDEN RING,https://store.steampowered.com/app/1245620/
10,1203220,NARAKA: BLADEPOINT,https://store.steampowered.com/app/1203220/
13,413150,Stardew Valley,https://store.steampowered.com/app/413150/
16,359550,Tom Clancy's Rainbow Six Siege,https://store.steampowered.com/app/359550/
20,236390,War Thunder,https://store.steampowered.com/app/236390/
22,381210,Dead by Daylight,https://store.steampowered.com/app/381210/
25,289070,Sid Meier's Civilization VI,https://store.steampowered.com/app/289070/
28,2195250,EA SPORTS FC™ 24,https://store.steampowered.com/app/2195250/
31,550,Left 4 Dead 2,https://store.steampowered.com/app/550/
34,2252570,Football Manager 2024,https://store.steampowered.com/app/2252570/
38,1366800,Crosshair X,https://store.steampowered.com/app/1366800/
41,1623730,Palworld,https://store.steampowered.com/app/1623730/
43,1091500,Cyberpunk 2077,https://store.steampowered.com/app/1091500/
46,322330,Don't Starve Together,https://store.steampowered.com/app/322330/
48,294100,RimWorld,https://store.steampowered.com/app/294100/
51,1449850,Yu-Gi-Oh! Master Duel,https://store.steampowered.com/app/1449850/
54,1599340,Lost Ark,https://store.steampowered.com/app/1599340/
56,2344520,Diablo® IV,https://store.steampowered.com/app/2344520/
59,1422450,Deadlock,https://store.steampowered.com/app/1422450/
61,2709570,Supermarket Together,https://store.steampowered.com/app/2709570/
64,892970,Valheim,https://store.steampowered.com/app/892970/
66,480,Spacewar,https://store.steampowered.com/app/480/
69,1966720,Lethal Company,https://store.steampowered.com/app/1966720/
71,250900,The Binding of Isaac: Rebirth,https://store.steampowered.com/app/250900/
74,646570,Slay the Spire,https://store.steampowered.com/app/646570/
78,2073850,THE FINALS,https://store.steampowered.com/app/2073850/
80,1364780,Street Fighter™ 6,https://store.steampowered.com/app/1364780/
81,2709440,Delta Force: Hawk Ops Alpha Test,https://store.steampowered.com/app/2709440/
84,2399830,ARK: Survival Ascended,https://store.steampowered.com/app/2399830/
87,629520,Soundpad,https://store.steampowered.com/app/629520/
90,1248130,Farming Simulator 22,https://store.steampowered.com/app/1248130/
93,291550,Brawlhalla,https://store.steampowered.com/app/291550/
95,281990,Stellaris,https://store.steampowered.com/app/281990/
98,306130,The Elder Scrolls Online,https://store.steampowered.com/app/306130/
101,2142790,Fields of Mistria,https://store.steampowered.com/app/2142790/
104,427410,Abiotic Factor,https://store.steampowered.com/app/427410/
107,2349820,Hero's Land,https://store.steampowered.com/app/2349820/
109,1905180,OBS Studio,https://store.steampowered.com/app/1905180/
112,1238840,Battlefield 1 ™,https://store.steampowered.com/app/1238840/
115,2426960,Summoners War,https://store.steampowered.com/app/2426960/
118,270880,American Truck Simulator,https://store.steampowered.com/app/270880/
121,2889840,Spectre Divide Playtest,https://store.steampowered.com/app/2889840/
124,1687950,Persona 5 Royal,https://store.steampowered.com/app/1687950/
126,232090,Killing Floor 2,https://store.steampowered.com/app/232090/
129,1237970,Titanfall® 2,https://store.steampowered.com/app/1237970/
133,1818450,STALCRAFT: X,https://store.steampowered.com/app/1818450/
135,244210,Assetto Corsa,https://store.steampowered.com/app/244210/
138,1551360,Forza Horizon 5,https://store.steampowered.com/app/1551360/
141,1466860,Age of Empires IV: Anniversary Edition,https://store.steampowered.com/app/1466860/
144,529340,Victoria 3,https://store.steampowered.com/app/529340/
147,945360,Among Us,https://store.steampowered.com/app/945360/
149,1716740,Starfield,https://store.steampowered.com/app/1716740/
151,1283970,YoloMouse,https://store.steampowered.com/app/1283970/
154,714010,Aimlabs,https://store.steampowered.com/app/714010/
156,1293830,Forza Horizon 4,https://store.steampowered.com/app/1293830/
159,2291060,EARTH DEFENSE FORCE 6,https://store.steampowered.com/app/2291060/
161,1144200,Ready or Not,https://store.steampowered.com/app/1144200/
163,367520,Hollow Knight,https://store.steampowered.com/app/367520/
166,1326470,Sons Of The Forest,https://store.steampowered.com/app/1326470/
168,1329410,雀魂麻将(MahjongSoul),https://store.steampowered.com/app/1329410/
171,1267910,Melvor Idle,https://store.steampowered.com/app/1267910/
174,440900,Conan Exiles,https://store.steampowered.com/app/440900/
176,1604030,V Rising,https://store.steampowered.com/app/1604030/
179,1118200,People Playground,https://store.steampowered.com/app/1118200/
182,233860,Kenshi,https://store.steampowered.com/app/233860/
184,304390,For Honor,https://store.steampowered.com/app/304390/
187,1794680,Vampire Survivors,https://store.steampowered.com/app/1794680/
189,1599600,PlateUp!,https://store.steampowered.com/app/1599600/
192,3103840,TCG Card Shop Simulator: Prologue,https://store.steampowered.com/app/3103840/
194,2881650,Content Warning,https://store.steampowered.com/app/2881650/
198,444200,World of Tanks Blitz,https://store.steampowered.com/app/444200/
200,899770,Last Epoch,https://store.steampowered.com/app/899770/
203,1973710,ヘブンバーンズレッド,https://store.steampowered.com/app/1973710/
206,977400,Cell to Singularity - Evolution Never Ends,https://store.steampowered.com/app/977400/
208,779340,Total War: THREE KINGDOMS,https://store.steampowered.com/app/779340/
211,214950,Total War: ROME II - Emperor Edition,https://store.steampowered.com/app/214950/
215,264710,Subnautica,https://store.steampowered.com/app/264710/
217,359320,Elite Dangerous,https://store.steampowered.com/app/359320/
220,2321470,Deep Rock Galactic: Survivor,https://store.steampowered.com/app/2321470/
222,1282100,Remnant II,https://store.steampowered.com/app/1282100/
225,1677740,Stumble Guys,https://store.steampowered.com/app/1677740/
228,1432860,Sun Haven,https://store.steampowered.com/app/1432860/
231,1659040,HITMAN World of Assassination,https://store.steampowered.com/app/1659040/
233,239140,Dying Light,https://store.steampowered.com/app/239140/
236,812140,Assassin's Creed Odyssey,https://store.steampowered.com/app/812140/
239,1062090,Timberborn,https://store.steampowered.com/app/1062090/
241,1366540,Dyson Sphere Program,https://store.steampowered.com/app/1366540/
247,2325290,Sky: Children of the Light,https://store.steampowered.com/app/2325290/
249,2250040,Crosshair V2,https://store.steampowered.com/app/2250040/
251,1447430,小黑盒加速器,https://store.steampowered.com/app/1447430/
254,2003310,Wallpaper Alive,https://store.steampowered.com/app/2003310/
257,8500,EVE Online,https://store.steampowered.com/app/8500/
260,1184370,Pathfinder: Wrath of the Righteous - Enhanced Edition,https://store.steampowered.com/app/1184370/
262,1145350,Hades II,https://store.steampowered.com/app/1145350/
265,386180,Crossout,https://store.steampowered.com/app/386180/
268,393100,Call of Duty: Modern Warfare Remastered - Multiplayer,https://store.steampowered.com/app/393100/
271,1260320,Party Animals,https://store.steampowered.com/app/1260320/
273,1371580,Myth of Empires,https://store.steampowered.com/app/1371580/
276,1284190,The Planet Crafter,https://store.steampowered.com/app/1284190/
279,2427700,Backpack Battles,https://store.steampowered.com/app/2427700/
281,504230,Celeste,https://store.steampowered.com/app/504230/
284,1811260,EA SPORTS™ FIFA 23,https://store.steampowered.com/app/1811260/
287,534380,Dying Light 2: Reloaded Edition,https://store.steampowered.com/app/534380/
289,2638370,Five Nights at Freddy's: Into the Pit,https://store.steampowered.com/app/2638370/
292,379430,Kingdom Come: Deliverance,https://store.steampowered.com/app/379430/
294,2951630,Total War: PHARAOH DYNASTIES,https://store.steampowered.com/app/2951630/
297,1407200,World of Tanks,https://store.steampowered.com/app/1407200/
300,1128810,RISK: Global Domination,https://store.steampowered.com/app/1128810/
302,1985810,Call of Duty®: Black Ops Cold War,https://store.steampowered.com/app/1985810/
305,602960,Barotrauma,https://store.steampowered.com/app/602960/
307,1401590,Disney Dreamlight Valley,https://store.steampowered.com/app/1401590/
310,2186680,"Warhammer 40,000: Rogue Trader",https://store.steampowered.com/app/2186680/
313,471710,Rec Room,https://store.steampowered.com/app/471710/
314,34330,Total War: SHOGUN 2,https://store.steampowered.com/app/34330/
315,1456940,Level Zero: Extraction,https://store.steampowered.com/app/1456940/
316,2524890,Pixel Gun 3D: PC Edition,https://store.steampowered.com/app/2524890/
317,958260,DEAD OR ALIVE Xtreme Venus Vacation,https://store.steampowered.com/app/958260/
318,1677280,Company of Heroes 3,https://store.steampowered.com/app/1677280/
319,363970,Clicker Heroes,https://store.steampowered.com/app/363970/
320,505460,Foxhole,https://store.steampowered.com/app/505460/
321,400750,Call to Arms - Gates of Hell: Ostfront,https://store.steampowered.com/app/400750/
322,594570,Total War: WARHAMMER II,https://store.steampowered.com/app/594570/
323,2281730,Combat Master,https://store.steampowered.com/app/2281730/
324,568220,Lobotomy Corporation,https://store.steampowered.com/app/568220/
325,1909840,JIANGHU CHRONICLES,https://store.steampowered.com/app/1909840/
326,581320,Insurgency: Sandstorm,https://store.steampowered.com/app/581320/
327,872410,ROMANCE OF THE THREE KINGDOMS XIV,https://store.steampowered.com/app/872410/
328,1588010,PGA TOUR 2K23,https://store.steampowered.com/app/1588010/
329,2666510,Rusty's Retirement,https://store.steampowered.com/app/2666510/
330,1229490,ULTRAKILL,https://store.steampowered.com/app/1229490/
331,287700,METAL GEAR SOLID V: THE PHANTOM PAIN,https://store.steampowered.com/app/287700/
332,1097150,Fall Guys,https://store.steampowered.com/app/1097150/
333,1607250,MY HERO ULTRA RUMBLE,https://store.steampowered.com/app/1607250/
334,588650,Dead Cells,https://store.steampowered.com/app/588650/
335,2668080,SNOWBREAK,https://store.steampowered.com/app/2668080/
336,323190,Frostpunk,https://store.steampowered.com/app/323190/
337,220200,Kerbal Space Program,https://store.steampowered.com/app/220200/
338,2231380,Ghost Recon Breakpoint,https://store.steampowered.com/app/2231380/
339,2140330,Madden NFL 24,https://store.steampowered.com/app/2140330/
340,266840,Age of Mythology: Extended Edition,https://store.steampowered.com/app/266840/
341,268910,Cuphead,https://store.steampowered.com/app/268910/
342,1013320,Firestone: Online Idle RPG,https://store.steampowered.com/app/1013320/
343,632470,Disco Elysium,https://store.steampowered.com/app/632470/
344,2208920,Assassin's Creed Valhalla,https://store.steampowered.com/app/2208920/
345,1189490,觅长生,https://store.steampowered.com/app/1189490/
346,1637320,Dome Keeper,https://store.steampowered.com/app/1637320/
347,1336980,NOBUNAGA'S AMBITION: Awakening,https://store.steampowered.com/app/1336980/
348,1569040,Football Manager 2022,https://store.steampowered.com/app/1569040/
349,219990,Grim Dawn,https://store.steampowered.com/app/219990/
350,1535560,Farmer Against Potatoes Idle,https://store.steampowered.com/app/1535560/
351,784150,Workers & Resources: Soviet Republic,https://store.steampowered.com/app/784150/
352,1222690,Dragon Age™ Inquisition,https://store.steampowered.com/app/1222690/
353,1259420,Days Gone,https://store.steampowered.com/app/1259420/
354,1943950,Escape the Backrooms,https://store.steampowered.com/app/1943950/
355,1787090,MyDockFinder,https://store.steampowered.com/app/1787090/
356,2894940,恐龙岛,https://store.steampowered.com/app/2894940/
357,2315690,WWE 2K24,https://store.steampowered.com/app/2315690/
358,431240,Golf With Your Friends,https://store.steampowered.com/app/431240/
359,1621690,Core Keeper,https://store.steampowered.com/app/1621690/
360,1167630,Teardown,https://store.steampowered.com/app/1167630/
361,1506830,FIFA 22,https://store.steampowered.com/app/1506830/
362,1971870,Mortal Kombat 1,https://store.steampowered.com/app/1971870/
363,2963870,Metal Slug: Awakening,https://store.steampowered.com/app/2963870/
364,635260,CarX Drift Racing Online,https://store.steampowered.com/app/635260/
365,620,Portal 2,https://store.steampowered.com/app/620/
366,47890,The Sims™ 3,https://store.steampowered.com/app/47890/
367,1206560,WorldBox - God Simulator,https://store.steampowered.com/app/1206560/
368,1888160,ARMORED CORE™ VI FIRES OF RUBICON™,https://store.steampowered.com/app/1888160/
369,1928420,Farlight 84,https://store.steampowered.com/app/1928420/
370,2400510,Dungeons & Degenerate Gamblers,https://store.steampowered.com/app/2400510/
371,637090,BATTLETECH,https://store.steampowered.com/app/637090/
372,1113000,Persona 4 Golden,https://store.steampowered.com/app/1113000/
373,10500,Total War: EMPIRE - Definitive Edition,https://store.steampowered.com/app/10500/
374,1846380,Need for Speed™ Unbound,https://store.steampowered.com/app/1846380/
375,1286680,Tiny Tina's Wonderlands,https://store.steampowered.com/app/1286680/
376,1151640,Horizon Zero Dawn™ Complete Edition,https://store.steampowered.com/app/1151640/
377,204360,Castle Crashers,https://store.steampowered.com/app/204360/
378,32470,STAR WARS™ Empire at War: Gold Pack,https://store.steampowered.com/app/32470/
379,282070,This War of Mine,https://store.steampowered.com/app/282070/
380,2642680,Half Sword Demo,https://store.steampowered.com/app/2642680/
381,508440,Totally Accurate Battle Simulator,https://store.steampowered.com/app/508440/
382,495420,State of Decay 2,https://store.steampowered.com/app/495420/
383,2961880,Grocery Store Simulator,https://store.steampowered.com/app/2961880/
384,2280,DOOM + DOOM II,https://store.steampowered.com/app/2280/
385,767560,War Robots,https://store.steampowered.com/app/767560/
386,2591280,F1® Manager 2024,https://store.steampowered.com/app/2591280/
387,1774580,STAR WARS Jedi: Survivor™,https://store.steampowered.com/app/1774580/
388,1817070,Marvel’s Spider-Man Remastered,https://store.steampowered.com/app/1817070/
389,544810,KARDS - The WWII Card Game,https://store.steampowered.com/app/544810/
390,2384620,Out of the Park Baseball 25,https://store.steampowered.com/app/2384620/
391,1875830,Shin Megami Tensei V: Vengeance,https://store.steampowered.com/app/1875830/
392,200210,Realm of the Mad God Exalt,https://store.steampowered.com/app/200210/
393,1404210,Red Dead Online,https://store.steampowered.com/app/1404210/
394,2527870,Half Sword Playtest,https://store.steampowered.com/app/2527870/
395,588430,Fallout Shelter,https://store.steampowered.com/app/588430/
396,1669000,Age of Wonders 4,https://store.steampowered.com/app/1669000/
397,552500,Warhammer: Vermintide 2,https://store.steampowered.com/app/552500/
398,916440,Anno 1800,https://store.steampowered.com/app/916440/
399,1546320,Your Chronicle,https://store.steampowered.com/app/1546320/
400,2066020,Soulstone Survivors,https://store.steampowered.com/app/2066020/
401,493340,Planet Coaster,https://store.steampowered.com/app/493340/
402,573090,Stormworks: Build and Rescue,https://store.steampowered.com/app/573090/
403,305620,The Long Dark,https://store.steampowered.com/app/305620/
404,1232580,Knock on the Coffin Lid,https://store.steampowered.com/app/1232580/
405,858210,Nova Drift,https://store.steampowered.com/app/858210/
406,219740,Don't Starve,https://store.steampowered.com/app/219740/
407,2054970,Dragon's Dogma 2,https://store.steampowered.com/app/2054970/
408,1859910,活俠傳,https://store.steampowered.com/app/1859910/
409,459820,Crush Crush,https://store.steampowered.com/app/459820/
410,1056640,Phantasy Star Online 2 New Genesis,https://store.steampowered.com/app/1056640/
411,824270,KovaaK's,https://store.steampowered.com/app/824270/
412,1041320,Lords Mobile,https://store.steampowered.com/app/1041320/
413,2445690,Lost Castle 2,https://store.steampowered.com/app/2445690/
414,719890,Beasts of Bermuda,https://store.steampowered.com/app/719890/
415,2167580,Summoners War: Chronicles,https://store.steampowered.com/app/2167580/
416,1256670,Library Of Ruina,https://store.steampowered.com/app/1256670/
417,2849080,Kingdom Rush 5: Alliance TD,https://store.steampowered.com/app/2849080/
418,1477070,Depersonalization,https://store.steampowered.com/app/1477070/
419,1190970,House Flipper 2,https://store.steampowered.com/app/1190970/
420,412220,DDNet,https://store.steampowered.com/app/412220/
421,613100,House Flipper,https://store.steampowered.com/app/613100/
422,22330,The Elder Scrolls IV: Oblivion,https://store.steampowered.com/app/22330/
423,815370,Green Hell,https://store.steampowered.com/app/815370/
424,1129580,Medieval Dynasty,https://store.steampowered.com/app/1129580/
425,2088570,Tiny Rogues,https://store.steampowered.com/app/2088570/
426,1119730,Ranch Simulator,https://store.steampowered.com/app/1119730/
427,787480,Phoenix Wright: Ace Attorney Trilogy,https://store.steampowered.com/app/787480/
428,835570,Conqueror's Blade,https://store.steampowered.com/app/835570/
429,665300,Stream Avatars,https://store.steampowered.com/app/665300/
430,379720,DOOM,https://store.steampowered.com/app/379720/
431,1482520,Space Station 14 Playtest,https://store.steampowered.com/app/1482520/
432,1180320,三国杀,https://store.steampowered.com/app/1180320/
433,8800,Sid Meier's Civilization IV: Beyond the Sword,https://store.steampowered.com/app/8800/
434,361420,ASTRONEER,https://store.steampowered.com/app/361420/
435,1066780,Transport Fever 2,https://store.steampowered.com/app/1066780/
436,786520,SAO Utils: Beta,https://store.steampowered.com/app/786520/
437,72850,The Elder Scrolls V: Skyrim,https://store.steampowered.com/app/72850/
438,3069470,Dollar,https://store.steampowered.com/app/3069470/
439,977950,A Dance of Fire and Ice,https://store.steampowered.com/app/977950/
440,2221490,Tom Clancy's The Division 2,https://store.steampowered.com/app/2221490/
441,312060,FINAL FANTASY XIV Online Free Trial,https://store.steampowered.com/app/312060/
442,1068820,OVR Toolkit,https://store.steampowered.com/app/1068820/
443,1973530,Limbus Company,https://store.steampowered.com/app/1973530/
444,632810,Soundpad Demo,https://store.steampowered.com/app/632810/
445,805550,Assetto Corsa Competizione,https://store.steampowered.com/app/805550/
446,552520,Far Cry 5,https://store.steampowered.com/app/552520/
447,2484110,FINAL FANTASY VII EVER CRISIS,https://store.steampowered.com/app/2484110/
448,1343370,Old School RuneScape,https://store.steampowered.com/app/1343370/
449,3910,Sid Meier's Civilization III: Complete,https://store.steampowered.com/app/3910/
450,1468260,Leaf Blower Revolution - Idle Game,https://store.steampowered.com/app/1468260/
451,447040,Watch_Dogs 2,https://store.steampowered.com/app/447040/
452,1527950,Wartales,https://store.steampowered.com/app/1527950/
453,325610,Total War: ATTILA,https://store.steampowered.com/app/325610/
454,1238860,Battlefield 4™,https://store.steampowered.com/app/1238860/
455,601150,Devil May Cry 5,https://store.steampowered.com/app/601150/
456,784080,MechWarrior 5: Mercenaries,https://store.steampowered.com/app/784080/
457,1325200,Nioh 2 – The Complete Edition,https://store.steampowered.com/app/1325200/
458,2289450,Idle Cave Miner,https://store.steampowered.com/app/2289450/
459,47810,Dragon Age: Origins - Ultimate Edition,https://store.steampowered.com/app/47810/
460,2739590,Mad Island,https://store.steampowered.com/app/2739590/
461,212500,The Lord of the Rings Online™,https://store.steampowered.com/app/212500/
462,883710,Resident Evil 2,https://store.steampowered.com/app/883710/
463,976310,Mortal Kombat 11,https://store.steampowered.com/app/976310/
464,1190000,Car Mechanic Simulator 2021,https://store.steampowered.com/app/1190000/
465,924970,Back 4 Blood,https://store.steampowered.com/app/924970/
466,1217060,Gunfire Reborn,https://store.steampowered.com/app/1217060/
467,1840,Source Filmmaker,https://store.steampowered.com/app/1840/
468,212910,Call of Duty: Black Ops II - Zombies,https://store.steampowered.com/app/212910/
469,669330,Mechabellum,https://store.steampowered.com/app/669330/
470,1686940,Bopl Battle,https://store.steampowered.com/app/1686940/
471,365360,Battle Brothers,https://store.steampowered.com/app/365360/
472,1611600,WARNO,https://store.steampowered.com/app/1611600/
473,312520,Rain World,https://store.steampowered.com/app/312520/
474,2479810,Gray Zone Warfare,https://store.steampowered.com/app/2479810/
475,1084600,My Time at Sandrock,https://store.steampowered.com/app/1084600/
476,1797880,Lost Light,https://store.steampowered.com/app/1797880/
477,212680,FTL: Faster Than Light,https://store.steampowered.com/app/212680/
478,1244460,Jurassic World Evolution 2,https://store.steampowered.com/app/1244460/
479,1069660,Ultimate Admiral: Dreadnoughts,https://store.steampowered.com/app/1069660/
480,2078450,"Warhammer 40,000: Speed Freeks",https://store.steampowered.com/app/2078450/
481,211820,Starbound,https://store.steampowered.com/app/211820/
482,629730,Blade & Sorcery,https://store.steampowered.com/app/629730/
483,1336490,Against the Storm,https://store.steampowered.com/app/1336490/
484,1259970,eFootball PES 2021 SEASON UPDATE,https://store.steampowered.com/app/1259970/
485,1995520,Pax Dei,https://store.steampowered.com/app/1995520/
486,311690,Enter the Gungeon,https://store.steampowered.com/app/311690/
487,1139980,Travellers Rest,https://store.steampowered.com/app/1139980/
488,1625450,Muck,https://store.steampowered.com/app/1625450/
489,2072450,Like a Dragon: Infinite Wealth,https://store.steampowered.com/app/2072450/
490,466170,Idling to Rule the Gods,https://store.steampowered.com/app/466170/
491,389430,Knight Online,https://store.steampowered.com/app/389430/
492,1629520,A Little to the Left,https://store.steampowered.com/app/1629520/
493,2488620,F1® 24,https://store.steampowered.com/app/2488620/
494,1449690,The Walking Dead: The Telltale Definitive Series,https://store.steampowered.com/app/1449690/
495,787860,Farming Simulator 19,https://store.steampowered.com/app/787860/
496,881020,Granblue Fantasy: Relink,https://store.steampowered.com/app/881020/
497,905370,Conqueror's Blade,https://store.steampowered.com/app/905370/
498,383120,Empyrion - Galactic Survival,https://store.steampowered.com/app/383120/
499,1237950,STAR WARS™ Battlefront™ II,https://store.steampowered.com/app/1237950/
500,1353300,Idle Slayer,https://store.steampowered.com/app/1353300/
501,3056550,Bananamana,https://store.steampowered.com/app/3056550/
502,799960,Wizard101,https://store.steampowered.com/app/799960/
503,466560,Northgard,https://store.steampowered.com/app/466560/
504,1812450,Bellwright,https://store.steampowered.com/app/1812450/
505,678950,DRAGON BALL FighterZ,https://store.steampowered.com/app/678950/
506,1433140,The Texas Chain Saw Massacre,https://store.steampowered.com/app/1433140/
507,1627720,Lies of P,https://store.steampowered.com/app/1627720/
508,233450,Prison Architect,https://store.steampowered.com/app/233450/
509,2420510,HoloCure - Save the Fans!,https://store.steampowered.com/app/2420510/
510,1827180,Toram Online,https://store.steampowered.com/app/1827180/
511,9900,Star Trek Online,https://store.steampowered.com/app/9900/
512,454650,DRAGON BALL XENOVERSE 2,https://store.steampowered.com/app/454650/
513,975370,Dwarf Fortress,https://store.steampowered.com/app/975370/
514,736190,Chinese Parents,https://store.steampowered.com/app/736190/
515,1170950,Mortal Online 2,https://store.steampowered.com/app/1170950/
516,1533390,Gorilla Tag,https://store.steampowered.com/app/1533390/
517,1263850,Football Manager 2021,https://store.steampowered.com/app/1263850/
518,335240,Transformice,https://store.steampowered.com/app/335240/
519,880940,Pummel Party,https://store.steampowered.com/app/880940/
520,1295510,DRAGON QUEST XI S: Echoes of an Elusive Age – Definitive Edition,https://store.steampowered.com/app/1295510/
521,2551020,One-armed robber,https://store.steampowered.com/app/2551020/
522,1196590,Resident Evil Village,https://store.steampowered.com/app/1196590/
523,1562430,DREDGE,https://store.steampowered.com/app/1562430/
524,582160,Assassin's Creed Origins,https://store.steampowered.com/app/582160/
525,599140,Graveyard Keeper,https://store.steampowered.com/app/599140/
526,2756770,Tavern Manager Simulator,https://store.steampowered.com/app/2756770/
527,1815780,Asphalt Legends Unite,https://store.steampowered.com/app/1815780/
528,1940340,Darkest Dungeon® II,https://store.steampowered.com/app/1940340/
529,1046930,Dota Underlords,https://store.steampowered.com/app/1046930/
530,297000,Heroes of Might & Magic III - HD Edition,https://store.steampowered.com/app/297000/
531,2780980,LOCKDOWN Protocol,https://store.steampowered.com/app/2780980/
532,304050,Trove,https://store.steampowered.com/app/304050/
533,2000950,Call of Duty®: Modern Warfare®,https://store.steampowered.com/app/2000950/
534,459160,Allods Online,https://store.steampowered.com/app/459160/
535,704450,Neverwinter Nights: Enhanced Edition,https://store.steampowered.com/app/704450/
536,663090,Granado Espada,https://store.steampowered.com/app/663090/
537,1477830,HudSight - custom crosshair overlay,https://store.steampowered.com/app/1477830/
538,774801,Crab Champions,https://store.steampowered.com/app/774801/
539,1857090,Norland,https://store.steampowered.com/app/1857090/
540,1044720,Farthest Frontier,https://store.steampowered.com/app/1044720/
541,17390,Spore,https://store.steampowered.com/app/17390/
542,516750,My Summer Car,https://store.steampowered.com/app/516750/
543,524220,NieR:Automata™,https://store.steampowered.com/app/524220/
544,1029690,Sniper Elite 5,https://store.steampowered.com/app/1029690/
545,22370,Fallout 3 - Game of the Year Edition,https://store.steampowered.com/app/22370/
546,2113850,Spirit City: Lofi Sessions,https://store.steampowered.com/app/2113850/
547,1335200,Action Taimanin,https://store.steampowered.com/app/1335200/
548,1557740,ROUNDS,https://store.steampowered.com/app/1557740/
549,2394010,Palworld Dedicated Server,https://store.steampowered.com/app/2394010/
550,1172380,STAR WARS Jedi: Fallen Order™,https://store.steampowered.com/app/1172380/
551,2396240,SteamWorld Heist II,https://store.steampowered.com/app/2396240/
552,391540,Undertale,https://store.steampowered.com/app/391540/
553,2892880,修仙小屋,https://store.steampowered.com/app/2892880/
554,629760,MORDHAU,https://store.steampowered.com/app/629760/
555,223750,DCS World Steam Edition,https://store.steampowered.com/app/223750/
556,346900,AdVenture Capitalist,https://store.steampowered.com/app/346900/
557,744900,Dead Frontier 2,https://store.steampowered.com/app/744900/
558,2212330,Your Only Move Is HUSTLE,https://store.steampowered.com/app/2212330/
559,3141670,漂流佣兵 Demo,https://store.steampowered.com/app/3141670/
560,1274570,DEVOUR,https://store.steampowered.com/app/1274570/
561,992300,嗜血印 Bloody Spell,https://store.steampowered.com/app/992300/
562,1100600,Football Manager 2020,https://store.steampowered.com/app/1100600/
563,1367080,MOBILE SUIT GUNDAM BATTLE OPERATION 2,https://store.steampowered.com/app/1367080/
564,368260,Marvel's Midnight Suns,https://store.steampowered.com/app/368260/
565,2965660,PILGRIM,https://store.steampowered.com/app/2965660/
566,1173510,XSOverlay,https://store.steampowered.com/app/1173510/
567,1222140,Detroit: Become Human,https://store.steampowered.com/app/1222140/
568,1649080,Two Point Campus,https://store.steampowered.com/app/1649080/
569,2369390,Far Cry 6,https://store.steampowered.com/app/2369390/
570,702320,March of Empires,https://store.steampowered.com/app/702320/
571,552100,Brick Rigs,https://store.steampowered.com/app/552100/
572,535930,Two Point Hospital,https://store.steampowered.com/app/535930/
573,1594320,Captain of Industry,https://store.steampowered.com/app/1594320/
574,70,Half-Life,https://store.steampowered.com/app/70/
575,851850,DRAGON BALL Z: KAKAROT,https://store.steampowered.com/app/851850/
576,1147560,Skul: The Hero Slayer,https://store.steampowered.com/app/1147560/
577,1898300,ASKA,https://store.steampowered.com/app/1898300/
578,636480,Ravenfield,https://store.steampowered.com/app/636480/
579,1714040,Super Auto Pets,https://store.steampowered.com/app/1714040/
580,2067920,Rogue: Genesia,https://store.steampowered.com/app/2067920/
581,228200,Company of Heroes,https://store.steampowered.com/app/228200/
582,544730,Catan Universe,https://store.steampowered.com/app/544730/
583,2962810,Galaxy Idle Clicker,https://store.steampowered.com/app/2962810/
584,329110,Gems of War,https://store.steampowered.com/app/329110/
585,342200,MechWarrior Online,https://store.steampowered.com/app/342200/
586,205100,Dishonored,https://store.steampowered.com/app/205100/
587,699130,World War Z,https://store.steampowered.com/app/699130/
588,1850570,DEATH STRANDING DIRECTOR'S CUT,https://store.steampowered.com/app/1850570/
589,2334730,Death Must Die,https://store.steampowered.com/app/2334730/
590,1235140,Yakuza: Like a Dragon,https://store.steampowered.com/app/1235140/
591,363890,RPG Maker MV,https://store.steampowered.com/app/363890/
592,220,Half-Life 2,https://store.steampowered.com/app/220/
593,1211020,Wobbly Life,https://store.steampowered.com/app/1211020/
594,1809540,Nine Sols,https://store.steampowered.com/app/1809540/
595,1465460,Infection Free Zone,https://store.steampowered.com/app/1465460/
596,34030,Total War: NAPOLEON - Definitive Edition,https://store.steampowered.com/app/34030/
597,201810,Wolfenstein: The New Order,https://store.steampowered.com/app/201810/
598,848450,Subnautica: Below Zero,https://store.steampowered.com/app/848450/
599,1096900,RPG Maker MZ,https://store.steampowered.com/app/1096900/
600,1222700,A Way Out,https://store.steampowered.com/app/1222700/
601,638970,Yakuza 0,https://store.steampowered.com/app/638970/
602,453480,Shadowverse,https://store.steampowered.com/app/453480/
603,1876890,Wandering Sword,https://store.steampowered.com/app/1876890/
604,628070,Romance of the Three Kingdoms XI with Power Up Kit,https://store.steampowered.com/app/628070/
605,2064650,Tower of Fantasy,https://store.steampowered.com/app/2064650/
606,2229850,Command & Conquer: Red Alert™ 2 and Yuri’s Revenge™,https://store.steampowered.com/app/2229850/
607,1385380,Across the Obelisk,https://store.steampowered.com/app/1385380/
608,1062520,Dinkum,https://store.steampowered.com/app/1062520/
609,585420,Trailmakers,https://store.steampowered.com/app/585420/
610,838350,太吾绘卷 The Scroll Of Taiwu,https://store.steampowered.com/app/838350/
611,885970,Total War: ROME REMASTERED,https://store.steampowered.com/app/885970/
612,403640,Dishonored 2,https://store.steampowered.com/app/403640/
613,2225070,Trackmania,https://store.steampowered.com/app/2225070/
614,1693980,Dead Space,https://store.steampowered.com/app/1693980/
615,2406770,Bodycam,https://store.steampowered.com/app/2406770/
616,1054490,Wingspan,https://store.steampowered.com/app/1054490/
617,753640,Outer Wilds,https://store.steampowered.com/app/753640/
618,1948800,Yi Xian: The Cultivation Card Game,https://store.steampowered.com/app/1948800/
619,2108330,F1® 23,https://store.steampowered.com/app/2108330/
620,42700,Call of Duty: Black Ops,https://store.steampowered.com/app/42700/
621,1399720,Antimatter Dimensions,https://store.steampowered.com/app/1399720/
622,1690710,Incremental Epic Hero 2,https://store.steampowered.com/app/1690710/
623,1954420,麻雀一番街 - 本格麻雀ゲーム,https://store.steampowered.com/app/1954420/
624,475150,Titan Quest Anniversary Edition,https://store.steampowered.com/app/475150/
625,244450,Men of War: Assault Squad 2,https://store.steampowered.com/app/244450/
626,493520,GTFO,https://store.steampowered.com/app/493520/
627,200260,Batman: Arkham City GOTY,https://store.steampowered.com/app/200260/
628,433340,Slime Rancher,https://store.steampowered.com/app/433340/
629,2691730,Dungeon Stalkers Playtest,https://store.steampowered.com/app/2691730/
630,1888930,The Last of Us™ Part I,https://store.steampowered.com/app/1888930/
631,469600,Legion TD 2,https://store.steampowered.com/app/469600/
632,218230,PlanetSide 2,https://store.steampowered.com/app/218230/
633,9420,Supreme Commander: Forged Alliance,https://store.steampowered.com/app/9420/
634,477160,Human Fall Flat,https://store.steampowered.com/app/477160/
635,254700,Resident Evil 4 (2005),https://store.steampowered.com/app/254700/
636,261640,Borderlands: The Pre-Sequel,https://store.steampowered.com/app/261640/
637,774171,Muse Dash,https://store.steampowered.com/app/774171/
638,502500,ACE COMBAT™7: SKIES UNKNOWN,https://store.steampowered.com/app/502500/
639,1969870,生死狙击2,https://store.steampowered.com/app/1969870/
640,1462040,FINAL FANTASY VII REMAKE INTERGRADE,https://store.steampowered.com/app/1462040/
641,920490,Driver Booster for Steam,https://store.steampowered.com/app/920490/
642,21690,Resident Evil 5,https://store.steampowered.com/app/21690/
643,268850,EVGA Precision X1,https://store.steampowered.com/app/268850/
644,701160,Kingdom Two Crowns,https://store.steampowered.com/app/701160/
645,3017120,Egg Surprise,https://store.steampowered.com/app/3017120/
646,359870,FINAL FANTASY X/X-2 HD Remaster,https://store.steampowered.com/app/359870/
647,780290,Gloomhaven,https://store.steampowered.com/app/780290/
648,1197260,The Perfect Tower II,https://store.steampowered.com/app/1197260/
649,2751000,Prince of Persia The Lost Crown,https://store.steampowered.com/app/2751000/
650,212200,Mabinogi,https://store.steampowered.com/app/212200/
651,1029780,Going Medieval,https://store.steampowered.com/app/1029780/
652,1458140,Pacific Drive,https://store.steampowered.com/app/1458140/
653,234140,Mad Max,https://store.steampowered.com/app/234140/
654,1877960,Trimps,https://store.steampowered.com/app/1877960/
655,492720,Tropico 6,https://store.steampowered.com/app/492720/
656,1948280,Stacklands,https://store.steampowered.com/app/1948280/
657,1397920,Mr.Mine,https://store.steampowered.com/app/1397920/
658,2586520,Atelier Resleriana: Forgotten Alchemy and the Polar Night Liberator [JP],https://store.steampowered.com/app/2586520/
659,383980,Rivals of Aether,https://store.steampowered.com/app/383980/
660,527230,For The King,https://store.steampowered.com/app/527230/
661,2732960,Command & Conquer™ Generals Zero Hour,https://store.steampowered.com/app/2732960/
662,418370,Resident Evil 7 Biohazard,https://store.steampowered.com/app/418370/
663,1276390,Bloons TD Battles 2,https://store.steampowered.com/app/1276390/
664,1150690,OMORI,https://store.steampowered.com/app/1150690/
665,2695940,PANICORE,https://store.steampowered.com/app/2695940/
666,992070,Idle Wizard,https://store.steampowered.com/app/992070/
667,1296610,Peglin,https://store.steampowered.com/app/1296610/
668,692890,Roboquest,https://store.steampowered.com/app/692890/
669,1976440,CounterSide,https://store.steampowered.com/app/1976440/
670,9450,"Warhammer 40,000: Dawn of War - Soulstorm",https://store.steampowered.com/app/9450/
671,2418520,Farm Together 2,https://store.steampowered.com/app/2418520/
672,1418630,Dread Hunger,https://store.steampowered.com/app/1418630/
673,670290,Real Pool 3D - Poolians,https://store.steampowered.com/app/670290/
674,2739600,剑气劫,https://store.steampowered.com/app/2739600/
675,289650,Assassin's Creed Unity,https://store.steampowered.com/app/289650/
676,610080,Realm Grinder,https://store.steampowered.com/app/610080/
677,1676840,For The King II,https://store.steampowered.com/app/1676840/
678,242050,Assassin's Creed IV Black Flag,https://store.steampowered.com/app/242050/
679,834910,ATLAS,https://store.steampowered.com/app/834910/
680,1127400,Mindustry,https://store.steampowered.com/app/1127400/
681,769560,Night of the Full Moon,https://store.steampowered.com/app/769560/
682,1465470,The Crust,https://store.steampowered.com/app/1465470/
683,224260,No More Room in Hell,https://store.steampowered.com/app/224260/
684,489630,"Warhammer 40,000: Gladius - Relics of War",https://store.steampowered.com/app/489630/
685,386940,Ultimate Chicken Horse,https://store.steampowered.com/app/386940/
686,387990,Scrap Mechanic,https://store.steampowered.com/app/387990/
687,33230,Assassin's Creed II,https://store.steampowered.com/app/33230/
688,2305840,Cat Quest III,https://store.steampowered.com/app/2305840/
689,2396980,Fate/stay night REMASTERED,https://store.steampowered.com/app/2396980/
690,1324130,Stranded: Alien Dawn,https://store.steampowered.com/app/1324130/
691,1566690,Outpost: Infinity Siege,https://store.steampowered.com/app/1566690/
692,1971650,OCTOPATH TRAVELER II,https://store.steampowered.com/app/1971650/
693,2273430,BlazBlue Entropy Effect,https://store.steampowered.com/app/2273430/
694,3900,Sid Meier's Civilization IV,https://store.steampowered.com/app/3900/
695,55150,"Warhammer 40,000: Space Marine - Anniversary Edition",https://store.steampowered.com/app/55150/
696,1097430,依盖之书 book of yog,https://store.steampowered.com/app/1097430/
697,934700,Dead Island 2,https://store.steampowered.com/app/934700/
698,1213210,Command & Conquer™ Remastered Collection,https://store.steampowered.com/app/1213210/
699,1089090,ONE PIECE: PIRATE WARRIORS 4,https://store.steampowered.com/app/1089090/
700,363150,Romance of the Three Kingdoms XIII,https://store.steampowered.com/app/363150/
701,488790,South Park The Fractured But Whole,https://store.steampowered.com/app/488790/
702,391220,Rise of the Tomb Raider,https://store.steampowered.com/app/391220/
703,794260,Outward,https://store.steampowered.com/app/794260/
704,463530,Empires of the Undergrowth,https://store.steampowered.com/app/463530/
705,2080690,Sunkenland,https://store.steampowered.com/app/2080690/
706,1689500,Dune: Imperium,https://store.steampowered.com/app/1689500/
707,1881700,Undawn,https://store.steampowered.com/app/1881700/
708,678960,CODE VEIN,https://store.steampowered.com/app/678960/
709,1124300,HUMANKIND™,https://store.steampowered.com/app/1124300/
710,1435790,Escape Simulator,https://store.steampowered.com/app/1435790/
711,221040,Resident Evil 6,https://store.steampowered.com/app/221040/
712,470220,UNO,https://store.steampowered.com/app/470220/
713,720620,TaleSpire,https://store.steampowered.com/app/720620/
714,1419170,My Singing Monsters,https://store.steampowered.com/app/1419170/
715,2140510,Town of Salem 2,https://store.steampowered.com/app/2140510/
716,612880,Wolfenstein II: The New Colossus,https://store.steampowered.com/app/612880/
717,312660,Sniper Elite 4,https://store.steampowered.com/app/312660/
718,736220,Squad 44,https://store.steampowered.com/app/736220/
719,2458860,Summer Clover,https://store.steampowered.com/app/2458860/
720,1520470,封灵档案/Soul Dossier,https://store.steampowered.com/app/1520470/
721,3096730,REM: The Prologue,https://store.steampowered.com/app/3096730/
722,3330,Zuma Deluxe,https://store.steampowered.com/app/3330/
723,65800,Dungeon Defenders,https://store.steampowered.com/app/65800/
724,1683150,Railroader,https://store.steampowered.com/app/1683150/
725,362890,Black Mesa,https://store.steampowered.com/app/362890/
726,1057090,Ori and the Will of the Wisps,https://store.steampowered.com/app/1057090/
727,546560,Half-Life: Alyx,https://store.steampowered.com/app/546560/
728,843380,Super Animal Royale,https://store.steampowered.com/app/843380/
729,2835570,Buckshot Roulette,https://store.steampowered.com/app/2835570/
730,1042550,Digimon Story Cyber Sleuth: Complete Edition,https://store.steampowered.com/app/1042550/
731,640820,Pathfinder: Kingmaker,https://store.steampowered.com/app/640820/
732,445220,Avorion,https://store.steampowered.com/app/445220/
733,1332010,Stray,https://store.steampowered.com/app/1332010/
734,1486350,VRoid Studio,https://store.steampowered.com/app/1486350/
735,1118310,RetroArch,https://store.steampowered.com/app/1118310/
736,225540,Just Cause 3,https://store.steampowered.com/app/225540/
737,287450,Rise of Nations: Extended Edition,https://store.steampowered.com/app/287450/
738,1333350,Angel Legion: LSP Idle RPG,https://store.steampowered.com/app/1333350/
739,1084160,Jagged Alliance 3,https://store.steampowered.com/app/1084160/
740,898920,Axis & Allies 1942 Online,https://store.steampowered.com/app/898920/
741,1422440,Cataclismo,https://store.steampowered.com/app/1422440/
742,1144400,Senren＊Banka,https://store.steampowered.com/app/1144400/
743,2972990,ホロライブお宝マウンテン,https://store.steampowered.com/app/2972990/
744,109600,Neverwinter,https://store.steampowered.com/app/109600/
745,221680,Rocksmith® 2014 Edition - Remastered,https://store.steampowered.com/app/221680/
746,1272080,PAYDAY 3,https://store.steampowered.com/app/1272080/
747,2333480,RAID: Shadow Legends,https://store.steampowered.com/app/2333480/
748,799600,Cosmoteer: Starship Architect & Commander,https://store.steampowered.com/app/799600/
749,1644960,NBA 2K22,https://store.steampowered.com/app/1644960/
750,1869590,Omega Strikers,https://store.steampowered.com/app/1869590/
751,19680,Alice: Madness Returns,https://store.steampowered.com/app/19680/
752,1451190,Undisputed,https://store.steampowered.com/app/1451190/
753,4760,Rome: Total War,https://store.steampowered.com/app/4760/
754,10090,Call of Duty: World at War,https://store.steampowered.com/app/10090/
755,690790,DiRT Rally 2.0,https://store.steampowered.com/app/690790/
756,1584090,东方夜雀食堂 - Touhou Mystia's Izakaya,https://store.steampowered.com/app/1584090/
757,2593370,The Hungry Lamb: Traveling in the Late Ming Dynasty,https://store.steampowered.com/app/2593370/
758,620980,Beat Saber,https://store.steampowered.com/app/620980/
759,1785150,Friends vs Friends,https://store.steampowered.com/app/1785150/
760,2276930,Chillquarium,https://store.steampowered.com/app/2276930/
761,204880,Sins of a Solar Empire: Rebellion,https://store.steampowered.com/app/204880/
762,1188930,Chrono Ark,https://store.steampowered.com/app/1188930/
763,1180380,Stay Out,https://store.steampowered.com/app/1180380/
764,228380,Wreckfest,https://store.steampowered.com/app/228380/
765,1049590,Eternal Return,https://store.steampowered.com/app/1049590/
766,351940,The Descendant,https://store.steampowered.com/app/351940/
767,480490,Prey,https://store.steampowered.com/app/480490/
768,920210,LEGO® Star Wars™: The Skywalker Saga,https://store.steampowered.com/app/920210/
769,1017900,Age of Empires: Definitive Edition,https://store.steampowered.com/app/1017900/
770,200510,XCOM: Enemy Unknown,https://store.steampowered.com/app/200510/
771,1280930,Astral Ascent,https://store.steampowered.com/app/1280930/
772,1645820,SurrounDead,https://store.steampowered.com/app/1645820/
773,1238040,Dragon Age II,https://store.steampowered.com/app/1238040/
774,1416920,中国式网游,https://store.steampowered.com/app/1416920/
775,1929610,Demonologist,https://store.steampowered.com/app/1929610/
776,1127500,Mini Motorways,https://store.steampowered.com/app/1127500/
777,367500,Dragon's Dogma: Dark Arisen,https://store.steampowered.com/app/367500/
778,389730,TEKKEN 7,https://store.steampowered.com/app/389730/
779,1284410,GWENT: The Witcher Card Game,https://store.steampowered.com/app/1284410/
780,2816950,Yaoling: Mythical Journey,https://store.steampowered.com/app/2816950/
781,1105420,Game of Thrones Winter is Coming,https://store.steampowered.com/app/1105420/
782,1812820,Bitburner,https://store.steampowered.com/app/1812820/
783,1817190,Marvel's Spider-Man: Miles Morales,https://store.steampowered.com/app/1817190/
784,203160,Tomb Raider,https://store.steampowered.com/app/203160/
785,243470,Watch_Dogs,https://store.steampowered.com/app/243470/
786,1669980,Volcano Princess,https://store.steampowered.com/app/1669980/
787,2187220,Apollo Justice: Ace Attorney Trilogy,https://store.steampowered.com/app/2187220/
788,349040,NARUTO SHIPPUDEN: Ultimate Ninja STORM 4,https://store.steampowered.com/app/349040/
789,42960,Victoria II,https://store.steampowered.com/app/42960/
790,551170,Onmyoji,https://store.steampowered.com/app/551170/
791,333640,Caves of Qud,https://store.steampowered.com/app/333640/
792,2103530,Idle Clans,https://store.steampowered.com/app/2103530/
793,2586650,Winning Post 10 2024,https://store.steampowered.com/app/2586650/
794,280680,Krita,https://store.steampowered.com/app/280680/
795,213670,South Park™: The Stick of Truth™,https://store.steampowered.com/app/213670/
796,774361,Blasphemous,https://store.steampowered.com/app/774361/
797,2171440,Fear & Hunger 2: Termina,https://store.steampowered.com/app/2171440/
798,2725560,Idle Fishing,https://store.steampowered.com/app/2725560/
799,242920,Banished,https://store.steampowered.com/app/242920/
800,1367550,Kingdom Rush Vengeance,https://store.steampowered.com/app/1367550/
801,1449560,Metro Exodus Enhanced Edition,https://store.steampowered.com/app/1449560/
802,251060,Wargame: Red Dragon,https://store.steampowered.com/app/251060/
803,896660,Valheim Dedicated Server,https://store.steampowered.com/app/896660/
804,388080,Borderless Gaming,https://store.steampowered.com/app/388080/
805,666140,My Time at Portia,https://store.steampowered.com/app/666140/
806,2194530,Yog-Sothoth's Yard,https://store.steampowered.com/app/2194530/
807,2157560,Granblue Fantasy Versus: Rising,https://store.steampowered.com/app/2157560/
808,2897580,Idle Hero TD,https://store.steampowered.com/app/2897580/
809,314160,Microsoft Flight Simulator X: Steam Edition,https://store.steampowered.com/app/314160/
810,2742140,修真大陆,https://store.steampowered.com/app/2742140/
811,2989820,Pocket Waifu: Desktop Pet,https://store.steampowered.com/app/2989820/
812,955900,Amazing Cultivation Simulator,https://store.steampowered.com/app/955900/
813,2138610,The Legend of Heroes: Trails through Daybreak,https://store.steampowered.com/app/2138610/
814,2138710,Sifu,https://store.steampowered.com/app/2138710/
815,500,Left 4 Dead,https://store.steampowered.com/app/500/
816,2963880,Murky Divers,https://store.steampowered.com/app/2963880/
817,292730,Call of Duty: Infinite Warfare,https://store.steampowered.com/app/292730/
818,1296830,暖雪 Warm Snow,https://store.steampowered.com/app/1296830/
819,2552450,KINGDOM HEARTS III + Re Mind (DLC),https://store.steampowered.com/app/2552450/
820,22320,The Elder Scrolls III: Morrowind,https://store.steampowered.com/app/22320/
821,464920,Surviving Mars,https://store.steampowered.com/app/464920/
822,2698780,ContractVille,https://store.steampowered.com/app/2698780/
823,209000,Batman™: Arkham Origins,https://store.steampowered.com/app/209000/
824,603850,Age of History II,https://store.steampowered.com/app/603850/
825,1062810,Inkbound,https://store.steampowered.com/app/1062810/
826,858820,Tribes of Midgard,https://store.steampowered.com/app/858820/
827,1721470,Poppy Playtime,https://store.steampowered.com/app/1721470/
828,35140,Batman: Arkham Asylum GOTY Edition,https://store.steampowered.com/app/35140/
829,2622000,Astral Party,https://store.steampowered.com/app/2622000/
830,246420,Kingdom Rush,https://store.steampowered.com/app/246420/
831,1007040,EARTH DEFENSE FORCE 5,https://store.steampowered.com/app/1007040/
832,438040,Shakes and Fidget,https://store.steampowered.com/app/438040/
833,2459550,Emberward,https://store.steampowered.com/app/2459550/
834,750920,Shadow of the Tomb Raider,https://store.steampowered.com/app/750920/
835,371970,Barony,https://store.steampowered.com/app/371970/
836,1318690,shapez,https://store.steampowered.com/app/1318690/
837,1377580,Soulworker,https://store.steampowered.com/app/1377580/
838,2069310,RealFlight Evolution,https://store.steampowered.com/app/2069310/
839,502520,Ultimate General: Civil War,https://store.steampowered.com/app/502520/
840,2132850,Rabbit and Steel,https://store.steampowered.com/app/2132850/
841,1241100,POLYGON,https://store.steampowered.com/app/1241100/
842,1176470,Terra Invicta,https://store.steampowered.com/app/1176470/
843,1827980,Idle Spiral,https://store.steampowered.com/app/1827980/
844,269950,X-Plane 11,https://store.steampowered.com/app/269950/
845,1352080,SMASH LEGENDS,https://store.steampowered.com/app/1352080/
846,2440510,Forza Motorsport,https://store.steampowered.com/app/2440510/
847,400,Portal,https://store.steampowered.com/app/400/
848,2366980,Thank Goodness You're Here!,https://store.steampowered.com/app/2366980/
849,40970,Stronghold Crusader HD,https://store.steampowered.com/app/40970/
850,214490,Alien: Isolation,https://store.steampowered.com/app/214490/
851,241930,Middle-earth™: Shadow of Mordor™,https://store.steampowered.com/app/241930/
852,1537830,Disney Speedstorm,https://store.steampowered.com/app/1537830/
853,897330,Coloring Pixels,https://store.steampowered.com/app/897330/
854,1593350,Increlution,https://store.steampowered.com/app/1593350/
855,2231450,Pizza Tower,https://store.steampowered.com/app/2231450/
856,393080,Call of Duty: Modern Warfare Remastered (2017),https://store.steampowered.com/app/393080/
857,16900,GROUND BRANCH,https://store.steampowered.com/app/16900/
858,412020,Metro Exodus,https://store.steampowered.com/app/412020/
859,298110,Far Cry 4,https://store.steampowered.com/app/298110/
860,205710,EverQuest Free-to-Play,https://store.steampowered.com/app/205710/
861,249130,LEGO® MARVEL Super Heroes,https://store.steampowered.com/app/249130/
862,3056370,Honey Peach Clicker,https://store.steampowered.com/app/3056370/
863,800270,Terraforming Mars,https://store.steampowered.com/app/800270/
864,2336220,Feed The Cups,https://store.steampowered.com/app/2336220/
865,2767520,LurkBait Twitch Fishing,https://store.steampowered.com/app/2767520/
866,2840770,Avatar: Frontiers of Pandora,https://store.steampowered.com/app/2840770/
867,571740,Golf It!,https://store.steampowered.com/app/571740/
868,24200,DC Universe Online,https://store.steampowered.com/app/24200/
869,2396910,吞食天地2：誕生,https://store.steampowered.com/app/2396910/
870,859580,Imperator: Rome,https://store.steampowered.com/app/859580/
871,1002300,Fear & Hunger,https://store.steampowered.com/app/1002300/
872,1708850,Drug Dealer Simulator 2,https://store.steampowered.com/app/1708850/
873,1097840,Gears 5,https://store.steampowered.com/app/1097840/
874,1102190,Monster Train,https://store.steampowered.com/app/1102190/
875,2203070,Dragonheir: Silent Gods,https://store.steampowered.com/app/2203070/
876,208580,STAR WARS™ Knights of the Old Republic™ II: The Sith Lords™,https://store.steampowered.com/app/208580/
877,293760,Automation - The Car Company Tycoon Game,https://store.steampowered.com/app/293760/
878,698780,Doki Doki Literature Club,https://store.steampowered.com/app/698780/
879,751780,Forager,https://store.steampowered.com/app/751780/
880,777130,Blush Blush,https://store.steampowered.com/app/777130/
881,1162750,Songs of Syx,https://store.steampowered.com/app/1162750/
882,392110,ENDLESS™ Space 2,https://store.steampowered.com/app/392110/
883,1279510,Screw Drivers,https://store.steampowered.com/app/1279510/
884,2239150,Thronefall,https://store.steampowered.com/app/2239150/
885,458710,Kingdom Rush Frontiers,https://store.steampowered.com/app/458710/
886,784950,Conflict of Nations: World War 3,https://store.steampowered.com/app/784950/
887,3016800,Mecha BREAK Playtest,https://store.steampowered.com/app/3016800/
888,674940,Stick Fight: The Game,https://store.steampowered.com/app/674940/
889,223710,Cry of Fear,https://store.steampowered.com/app/223710/
890,105450,Age of Empires® III (2007),https://store.steampowered.com/app/105450/
891,397900,Business Tour - Online Multiplayer Board Game,https://store.steampowered.com/app/397900/
892,273110,Counter-Strike Nexon: Studio,https://store.steampowered.com/app/273110/
893,327030,Worms W.M.D,https://store.steampowered.com/app/327030/
894,960170,DJMAX RESPECT V,https://store.steampowered.com/app/960170/
895,986130,Shadows of Doubt,https://store.steampowered.com/app/986130/
896,1017180,The Long Drive,https://store.steampowered.com/app/1017180/
897,1583320,Pro Soccer Online,https://store.steampowered.com/app/1583320/
898,2244130,Ratopia,https://store.steampowered.com/app/2244130/
899,872200,Rogue Company,https://store.steampowered.com/app/872200/
900,2764370,星之翼（Starward）,https://store.steampowered.com/app/2764370/
901,1238000,Mass Effect™: Andromeda,https://store.steampowered.com/app/1238000/
902,2701510,奕剑江湖,https://store.steampowered.com/app/2701510/
903,307690,Sleeping Dogs: Definitive Edition,https://store.steampowered.com/app/307690/
904,997010,Police Simulator: Patrol Officers,https://store.steampowered.com/app/997010/
905,409710,BioShock Remastered,https://store.steampowered.com/app/409710/
906,1437830,三国群英传2,https://store.steampowered.com/app/1437830/
907,972660,Spiritfarer®: Farewell Edition,https://store.steampowered.com/app/972660/
908,1898830,VBridger,https://store.steampowered.com/app/1898830/
909,2933080,Crime Boss: Rockay City,https://store.steampowered.com/app/2933080/
910,223850,3DMark,https://store.steampowered.com/app/223850/
911,780310,The Riftbreaker,https://store.steampowered.com/app/780310/
912,1957780,Ghosts Of Tabor,https://store.steampowered.com/app/1957780/
913,872790,Football Manager 2019,https://store.steampowered.com/app/872790/
914,1243830,Overcooked! All You Can Eat,https://store.steampowered.com/app/1243830/
915,2854160,"INAZUMA ELEVEN: Victory Road Worldwide Beta Test Demo ""Leave Your Inazuma Mark on the World!""",https://store.steampowered.com/app/2854160/
916,17480,Command & Conquer™ Red Alert™ 3,https://store.steampowered.com/app/17480/
917,2218750,Halls of Torment,https://store.steampowered.com/app/2218750/
918,1262240,Plants vs. Zombies: Battle for Neighborville,https://store.steampowered.com/app/1262240/
919,2875140,失业了，我获得了亿万游戏财产！,https://store.steampowered.com/app/2875140/
920,78000,Bejeweled 3,https://store.steampowered.com/app/78000/
921,228280,Baldur's Gate: Enhanced Edition,https://store.steampowered.com/app/228280/
922,952060,Resident Evil 3,https://store.steampowered.com/app/952060/
923,637650,FINAL FANTASY XV WINDOWS EDITION,https://store.steampowered.com/app/637650/
924,2864890,Magic Research 2,https://store.steampowered.com/app/2864890/
925,1266630,懒人修仙传2,https://store.steampowered.com/app/1266630/
926,512900,Streets of Rogue,https://store.steampowered.com/app/512900/
927,12120,Grand Theft Auto: San Andreas,https://store.steampowered.com/app/12120/
928,2772560,Supermarket Simulator: Prologue,https://store.steampowered.com/app/2772560/
929,1262580,Need for Speed™ Payback,https://store.steampowered.com/app/1262580/
930,1316680,VLADiK BRUTAL,https://store.steampowered.com/app/1316680/
931,2627540,へなぽらんど,https://store.steampowered.com/app/2627540/
932,418530,Spelunky 2,https://store.steampowered.com/app/418530/
933,1611910,"Warhammer 40,000: Chaos Gate - Daemonhunters",https://store.steampowered.com/app/1611910/
934,1371980,No Rest for the Wicked,https://store.steampowered.com/app/1371980/
935,2739990,Mahjong Soul,https://store.steampowered.com/app/2739990/
936,2654540,無休仙途,https://store.steampowered.com/app/2654540/
937,1106840,Hydroneer,https://store.steampowered.com/app/1106840/
938,1970580,Backpack Hero,https://store.steampowered.com/app/1970580/
939,3107070,THE JOY OF CREATION Demo,https://store.steampowered.com/app/3107070/
940,1164940,Trepang2,https://store.steampowered.com/app/1164940/
941,937310,Infinitode 2,https://store.steampowered.com/app/937310/
942,1606180,下一站江湖Ⅱ,https://store.steampowered.com/app/1606180/
943,404790,Godot Engine,https://store.steampowered.com/app/404790/
944,760160,Vampire: The Masquerade - Bloodhunt,https://store.steampowered.com/app/760160/
945,1499560,LastCloudiaTc,https://store.steampowered.com/app/1499560/
946,1361350,DEAD OR ALIVE Xtreme Venus Vacation [JP],https://store.steampowered.com/app/1361350/
947,1677350,EA SPORTS™ PGA TOUR™,https://store.steampowered.com/app/1677350/
948,394690,Tower Unite,https://store.steampowered.com/app/394690/
949,979110,Space Haven,https://store.steampowered.com/app/979110/
950,677620,Splitgate,https://store.steampowered.com/app/677620/
951,1817230,Hi-Fi RUSH,https://store.steampowered.com/app/1817230/
952,220240,Far Cry® 3,https://store.steampowered.com/app/220240/
953,373420,Divinity: Original Sin Enhanced Edition,https://store.steampowered.com/app/373420/
954,1173370,Slapshot: Rebound,https://store.steampowered.com/app/1173370/
955,2154770,NOBUNAGA'S AMBITION: Hadou,https://store.steampowered.com/app/2154770/
956,253710,theHunter Classic,https://store.steampowered.com/app/253710/
957,1276760,DRAGON BALL: THE BREAKERS,https://store.steampowered.com/app/1276760/
958,1288320,Way of the Hunter,https://store.steampowered.com/app/1288320/
959,1659420,UNCHARTED™: Legacy of Thieves Collection,https://store.steampowered.com/app/1659420/
960,2826180,ChillPulse,https://store.steampowered.com/app/2826180/
961,202990,Call of Duty: Black Ops II - Multiplayer,https://store.steampowered.com/app/202990/
962,2014780,X-Plane 12,https://store.steampowered.com/app/2014780/
963,646910,The Crew 2,https://store.steampowered.com/app/646910/
964,2064870,Deceit 2,https://store.steampowered.com/app/2064870/
965,1254120,Bless Unleashed,https://store.steampowered.com/app/1254120/
966,236110,Dungeon Defenders II,https://store.steampowered.com/app/236110/
967,1149620,Gas Station Simulator,https://store.steampowered.com/app/1149620/
968,1364390,Animaze,https://store.steampowered.com/app/1364390/
969,489520,Minion Masters,https://store.steampowered.com/app/489520/
970,569480,Kingdoms and Castles,https://store.steampowered.com/app/569480/
971,707010,Will To Live Online,https://store.steampowered.com/app/707010/
972,667970,VTOL VR,https://store.steampowered.com/app/667970/
973,870780,Control Ultimate Edition,https://store.steampowered.com/app/870780/
974,360430,Mafia III: Definitive Edition,https://store.steampowered.com/app/360430/
975,2484250,ASTRA: Knights of Veda,https://store.steampowered.com/app/2484250/
976,704850,Thief Simulator,https://store.steampowered.com/app/704850/
977,728530,SD GUNDAM G GENERATION CROSS RAYS,https://store.steampowered.com/app/728530/
978,1268750,Starship Troopers: Extermination,https://store.steampowered.com/app/1268750/
979,354290,LoveBeat,https://store.steampowered.com/app/354290/
980,1657630,Slime Rancher 2,https://store.steampowered.com/app/1657630/
981,24810,Command & Conquer 3: Kane's Wrath™,https://store.steampowered.com/app/24810/
982,1066890,Automobilista 2,https://store.steampowered.com/app/1066890/
983,1096530,Solasta: Crown of the Magister,https://store.steampowered.com/app/1096530/
984,2103140,Magicraft,https://store.steampowered.com/app/2103140/
985,212160,Vindictus,https://store.steampowered.com/app/212160/
986,983380,Car Manufacture,https://store.steampowered.com/app/983380/
987,257350,Baldur's Gate II: Enhanced Edition,https://store.steampowered.com/app/257350/
988,458750,FireAlpaca SE,https://store.steampowered.com/app/458750/
989,617290,Remnant: From the Ashes,https://store.steampowered.com/app/617290/
990,8870,BioShock Infinite,https://store.steampowered.com/app/8870/
991,24780,SimCity 4 Deluxe,https://store.steampowered.com/app/24780/
992,268650,From The Depths,https://store.steampowered.com/app/268650/
993,337410,Karos,https://store.steampowered.com/app/337410/
994,1158850,The Great Ace Attorney Chronicles,https://store.steampowered.com/app/1158850/
995,1672970,Minecraft Dungeons,https://store.steampowered.com/app/1672970/
996,2362300,Train Sim World® 4,https://store.steampowered.com/app/2362300/
997,763890,Wildermyth,https://store.steampowered.com/app/763890/
998,983870,FOUNDRY,https://store.steampowered.com/app/983870/
999,1974050,Torchlight: Infinite,https://store.steampowered.com/app/1974050/
