app_id,Nome,URL
730,Counter-Strike 2,https://store.steampowered.com/app/730/
2923300,Banana,https://store.steampowered.com/app/2923300/
570,Dota 2,https://store.steampowered.com/app/570/
578080,PUBG: BATTLEGROUNDS,https://store.steampowered.com/app/578080/
218,Source SDK Base 2007,https://store.steampowered.com/app/218/
1172470,Apex Legends,https://store.steampowered.com/app/1172470/
2139460,Once Human,https://store.steampowered.com/app/2139460/
1245620,ELDEN RING,https://store.steampowered.com/app/1245620/
271590,Grand Theft Auto V,https://store.steampowered.com/app/271590/
1938090,Call of Duty®,https://store.steampowered.com/app/1938090/
1203220,NARAKA: BLADEPOINT,https://store.steampowered.com/app/1203220/
1086940,Baldur's Gate 3,https://store.steampowered.com/app/1086940/
431960,Wallpaper Engine,https://store.steampowered.com/app/431960/
413150,Stardew Valley,https://store.steampowered.com/app/413150/
252490,Rust,https://store.steampowered.com/app/252490/
238960,Path of Exile,https://store.steampowered.com/app/238960/
359550,Tom Clancy's Rainbow Six Siege,https://store.steampowered.com/app/359550/
251570,7 Days to Die,https://store.steampowered.com/app/251570/
440,Team Fortress 2,https://store.steampowered.com/app/440/
2074920,The First Descendant,https://store.steampowered.com/app/2074920/
236390,War Thunder,https://store.steampowered.com/app/236390/
1085660,Destiny 2,https://store.steampowered.com/app/1085660/
381210,Dead by Daylight,https://store.steampowered.com/app/381210/
230410,Warframe,https://store.steampowered.com/app/230410/
39210,FINAL FANTASY XIV Online,https://store.steampowered.com/app/39210/
289070,Sid Meier's Civilization VI,https://store.steampowered.com/app/289070/
553850,HELLDIVERS™ 2,https://store.steampowered.com/app/553850/
2357570,Overwatch® 2,https://store.steampowered.com/app/2357570/
2195250,EA SPORTS FC™ 24,https://store.steampowered.com/app/2195250/
438100,VRChat,https://store.steampowered.com/app/438100/
105600,Terraria,https://store.steampowered.com/app/105600/
550,Left 4 Dead 2,https://store.steampowered.com/app/550/
1222670,The Sims™ 4,https://store.steampowered.com/app/1222670/
436150,Governor of Poker 3,https://store.steampowered.com/app/436150/
2252570,Football Manager 2024,https://store.steampowered.com/app/2252570/
582010,Monster Hunter: World,https://store.steampowered.com/app/582010/
394360,Hearts of Iron IV,https://store.steampowered.com/app/394360/
1281930,tModLoader,https://store.steampowered.com/app/1281930/
1366800,Crosshair X,https://store.steampowered.com/app/1366800/
221100,DayZ,https://store.steampowered.com/app/221100/
108600,Project Zomboid,https://store.steampowered.com/app/108600/
1623730,Palworld,https://store.steampowered.com/app/1623730/
1174180,Red Dead Redemption 2,https://store.steampowered.com/app/1174180/
1091500,Cyberpunk 2077,https://store.steampowered.com/app/1091500/
3132990,Black Myth: Wukong Benchmark Tool,https://store.steampowered.com/app/3132990/
489830,The Elder Scrolls V: Skyrim Special Edition,https://store.steampowered.com/app/489830/
322330,Don't Starve Together,https://store.steampowered.com/app/322330/
304930,Unturned,https://store.steampowered.com/app/304930/
294100,RimWorld,https://store.steampowered.com/app/294100/
377160,Fallout 4,https://store.steampowered.com/app/377160/
346110,ARK: Survival Evolved,https://store.steampowered.com/app/346110/
1449850,Yu-Gi-Oh! Master Duel,https://store.steampowered.com/app/1449850/
252950,Rocket League,https://store.steampowered.com/app/252950/
1782210,Crab Game,https://store.steampowered.com/app/1782210/
1599340,Lost Ark,https://store.steampowered.com/app/1599340/
2016590,Dark and Darker,https://store.steampowered.com/app/2016590/
2344520,Diablo® IV,https://store.steampowered.com/app/2344520/
739630,Phasmophobia,https://store.steampowered.com/app/739630/
4000,Garry's Mod,https://store.steampowered.com/app/4000/
1422450,Deadlock,https://store.steampowered.com/app/1422450/
1623660,MIR4,https://store.steampowered.com/app/1623660/
2709570,Supermarket Together,https://store.steampowered.com/app/2709570/
275850,No Man's Sky,https://store.steampowered.com/app/275850/
2977660,Cats,https://store.steampowered.com/app/2977660/
892970,Valheim,https://store.steampowered.com/app/892970/
960090,Bloons TD 6,https://store.steampowered.com/app/960090/
480,Spacewar,https://store.steampowered.com/app/480/
1142710,Total War: WARHAMMER III,https://store.steampowered.com/app/1142710/
261550,Mount & Blade II: Bannerlord,https://store.steampowered.com/app/261550/
1966720,Lethal Company,https://store.steampowered.com/app/1966720/
813780,Age of Empires II: Definitive Edition,https://store.steampowered.com/app/813780/
250900,The Binding of Isaac: Rebirth,https://store.steampowered.com/app/250900/
1238810,Battlefield™ V,https://store.steampowered.com/app/1238810/
548430,Deep Rock Galactic,https://store.steampowered.com/app/548430/
646570,Slay the Spire,https://store.steampowered.com/app/646570/
1158310,Crusader Kings III,https://store.steampowered.com/app/1158310/
8930,Sid Meier's Civilization V,https://store.steampowered.com/app/8930/
2448970,Dungeonborne,https://store.steampowered.com/app/2448970/
2073850,THE FINALS,https://store.steampowered.com/app/2073850/
1454400,Cookie Clicker,https://store.steampowered.com/app/1454400/
1364780,Street Fighter™ 6,https://store.steampowered.com/app/1364780/
2709440,Delta Force: Hawk Ops Alpha Test,https://store.steampowered.com/app/2709440/
322170,Geometry Dash,https://store.steampowered.com/app/322170/
311210,Call of Duty: Black Ops III,https://store.steampowered.com/app/311210/
2399830,ARK: Survival Ascended,https://store.steampowered.com/app/2399830/
1313140,Cult of the Lamb,https://store.steampowered.com/app/1313140/
582660,Black Desert,https://store.steampowered.com/app/582660/
629520,Soundpad,https://store.steampowered.com/app/629520/
1151340,Fallout 76,https://store.steampowered.com/app/1151340/
386360,SMITE,https://store.steampowered.com/app/386360/
1248130,Farming Simulator 22,https://store.steampowered.com/app/1248130/
227300,Euro Truck Simulator 2,https://store.steampowered.com/app/227300/
513710,SCUM,https://store.steampowered.com/app/513710/
291550,Brawlhalla,https://store.steampowered.com/app/291550/
427520,Factorio,https://store.steampowered.com/app/427520/
281990,Stellaris,https://store.steampowered.com/app/281990/
236850,Europa Universalis IV,https://store.steampowered.com/app/236850/
284160,BeamNG.drive,https://store.steampowered.com/app/284160/
306130,The Elder Scrolls Online,https://store.steampowered.com/app/306130/
292030,The Witcher 3: Wild Hunt,https://store.steampowered.com/app/292030/
397540,Borderlands 3,https://store.steampowered.com/app/397540/
2142790,Fields of Mistria,https://store.steampowered.com/app/2142790/
1517290,Battlefield™ 2042,https://store.steampowered.com/app/1517290/
2338770,NBA 2K24,https://store.steampowered.com/app/2338770/
427410,Abiotic Factor,https://store.steampowered.com/app/427410/
632360,Risk of Rain 2,https://store.steampowered.com/app/632360/
216150,MapleStory,https://store.steampowered.com/app/216150/
2349820,Hero's Land,https://store.steampowered.com/app/2349820/
240,Counter-Strike: Source,https://store.steampowered.com/app/240/
1905180,OBS Studio,https://store.steampowered.com/app/1905180/
107410,Arma 3,https://store.steampowered.com/app/107410/
1172620,Sea of Thieves,https://store.steampowered.com/app/1172620/
1238840,Battlefield 1 ™,https://store.steampowered.com/app/1238840/
457140,Oxygen Not Included,https://store.steampowered.com/app/457140/
1920960,VPet,https://store.steampowered.com/app/1920960/
2426960,Summoners War,https://store.steampowered.com/app/2426960/
3076520,Dog,https://store.steampowered.com/app/3076520/
393380,Squad,https://store.steampowered.com/app/393380/
270880,American Truck Simulator,https://store.steampowered.com/app/270880/
2379780,Balatro,https://store.steampowered.com/app/2379780/
1446780,MONSTER HUNTER RISE,https://store.steampowered.com/app/1446780/
2889840,Spectre Divide Playtest,https://store.steampowered.com/app/2889840/
1476970,Legends of Idleon MMO,https://store.steampowered.com/app/1476970/
1325860,VTube Studio,https://store.steampowered.com/app/1325860/
1687950,Persona 5 Royal,https://store.steampowered.com/app/1687950/
761890,Albion Online,https://store.steampowered.com/app/761890/
232090,Killing Floor 2,https://store.steampowered.com/app/232090/
255710,Cities: Skylines,https://store.steampowered.com/app/255710/
2141910,Magic: The Gathering Arena,https://store.steampowered.com/app/2141910/
1237970,Titanfall® 2,https://store.steampowered.com/app/1237970/
218620,PAYDAY 2,https://store.steampowered.com/app/218620/
766570,Russian Fishing 4,https://store.steampowered.com/app/766570/
2670630,Supermarket Simulator,https://store.steampowered.com/app/2670630/
1818450,STALCRAFT: X,https://store.steampowered.com/app/1818450/
814380,Sekiro™: Shadows Die Twice,https://store.steampowered.com/app/814380/
244210,Assetto Corsa,https://store.steampowered.com/app/244210/
2707930,Palia,https://store.steampowered.com/app/2707930/
286160,Tabletop Simulator,https://store.steampowered.com/app/286160/
1551360,Forza Horizon 5,https://store.steampowered.com/app/1551360/
1778820,TEKKEN 8,https://store.steampowered.com/app/1778820/
365670,Blender,https://store.steampowered.com/app/365670/
1466860,Age of Empires IV: Anniversary Edition,https://store.steampowered.com/app/1466860/
526870,Satisfactory,https://store.steampowered.com/app/526870/
3047030,Tapple,https://store.steampowered.com/app/3047030/
529340,Victoria 3,https://store.steampowered.com/app/529340/
49520,Borderlands 2,https://store.steampowered.com/app/49520/
2526380,Sword of Convallaria,https://store.steampowered.com/app/2526380/
945360,Among Us,https://store.steampowered.com/app/945360/
1665460,eFootball™ 2024,https://store.steampowered.com/app/1665460/
1716740,Starfield,https://store.steampowered.com/app/1716740/
1812620,DSX,https://store.steampowered.com/app/1812620/
1283970,YoloMouse,https://store.steampowered.com/app/1283970/
2567870,Chained Together,https://store.steampowered.com/app/2567870/
949230,Cities: Skylines II,https://store.steampowered.com/app/949230/
714010,Aimlabs,https://store.steampowered.com/app/714010/
552990,World of Warships,https://store.steampowered.com/app/552990/
1293830,Forza Horizon 4,https://store.steampowered.com/app/1293830/
376210,The Isle,https://store.steampowered.com/app/376210/
10,Counter-Strike,https://store.steampowered.com/app/10/
2291060,EARTH DEFENSE FORCE 6,https://store.steampowered.com/app/2291060/
1203620,Enshrouded,https://store.steampowered.com/app/1203620/
1144200,Ready or Not,https://store.steampowered.com/app/1144200/
1997040,MARVEL SNAP,https://store.steampowered.com/app/1997040/
367520,Hollow Knight,https://store.steampowered.com/app/367520/
1593500,God of War,https://store.steampowered.com/app/1593500/
686810,Hell Let Loose,https://store.steampowered.com/app/686810/
1326470,Sons Of The Forest,https://store.steampowered.com/app/1326470/
990080,Hogwarts Legacy,https://store.steampowered.com/app/990080/
1329410,雀魂麻将(MahjongSoul),https://store.steampowered.com/app/1329410/
976730,Halo: The Master Chief Collection,https://store.steampowered.com/app/976730/
22380,Fallout: New Vegas,https://store.steampowered.com/app/22380/
1267910,Melvor Idle,https://store.steampowered.com/app/1267910/
374320,DARK SOULS™ III,https://store.steampowered.com/app/374320/
1250410,Microsoft Flight Simulator,https://store.steampowered.com/app/1250410/
440900,Conan Exiles,https://store.steampowered.com/app/440900/
1904540,Football Manager 2023,https://store.steampowered.com/app/1904540/
1604030,V Rising,https://store.steampowered.com/app/1604030/
431730,Aseprite,https://store.steampowered.com/app/431730/
648800,Raft,https://store.steampowered.com/app/648800/
1118200,People Playground,https://store.steampowered.com/app/1118200/
700330,SCP: Secret Laboratory,https://store.steampowered.com/app/700330/
2215430,Ghost of Tsushima DIRECTOR'S CUT,https://store.steampowered.com/app/2215430/
233860,Kenshi,https://store.steampowered.com/app/233860/
1240440,Halo Infinite,https://store.steampowered.com/app/1240440/
304390,For Honor,https://store.steampowered.com/app/304390/
1361210,"Warhammer 40,000: Darktide",https://store.steampowered.com/app/1361210/
1158160,Coral Island,https://store.steampowered.com/app/1158160/
1794680,Vampire Survivors,https://store.steampowered.com/app/1794680/
1286830,STAR WARS™: The Old Republic™,https://store.steampowered.com/app/1286830/
1599600,PlateUp!,https://store.steampowered.com/app/1599600/
2050650,Resident Evil 4,https://store.steampowered.com/app/2050650/
2646460,Soulmask,https://store.steampowered.com/app/2646460/
3103840,TCG Card Shop Simulator: Prologue,https://store.steampowered.com/app/3103840/
444090,Paladins,https://store.steampowered.com/app/444090/
2881650,Content Warning,https://store.steampowered.com/app/2881650/
1145360,Hades,https://store.steampowered.com/app/1145360/
1868140,DAVE THE DIVER,https://store.steampowered.com/app/1868140/
1818750,MultiVersus,https://store.steampowered.com/app/1818750/
444200,World of Tanks Blitz,https://store.steampowered.com/app/444200/
244850,Space Engineers,https://store.steampowered.com/app/244850/
899770,Last Epoch,https://store.steampowered.com/app/899770/
933110,Age of Empires III: Definitive Edition,https://store.steampowered.com/app/933110/
1147690,NGU IDLE,https://store.steampowered.com/app/1147690/
1973710,ヘブンバーンズレッド,https://store.steampowered.com/app/1973710/
2161700,Persona 3 Reload,https://store.steampowered.com/app/2161700/
1063730,New World,https://store.steampowered.com/app/1063730/
977400,Cell to Singularity - Evolution Never Ends,https://store.steampowered.com/app/977400/
435150,Divinity: Original Sin 2,https://store.steampowered.com/app/435150/
779340,Total War: THREE KINGDOMS,https://store.steampowered.com/app/779340/
268500,XCOM 2,https://store.steampowered.com/app/268500/
1328670,Mass Effect™ Legendary Edition,https://store.steampowered.com/app/1328670/
214950,Total War: ROME II - Emperor Edition,https://store.steampowered.com/app/214950/
262060,Darkest Dungeon®,https://store.steampowered.com/app/262060/
1284210,Guild Wars 2,https://store.steampowered.com/app/1284210/
1468810,鬼谷八荒 Tale of Immortal,https://store.steampowered.com/app/1468810/
264710,Subnautica,https://store.steampowered.com/app/264710/
2012510,Stormgate,https://store.steampowered.com/app/2012510/
359320,Elite Dangerous,https://store.steampowered.com/app/359320/
3590,Plants vs. Zombies: Game of the Year,https://store.steampowered.com/app/3590/
655500,MX Bikes,https://store.steampowered.com/app/655500/
2321470,Deep Rock Galactic: Survivor,https://store.steampowered.com/app/2321470/
1258080,Shop Titans,https://store.steampowered.com/app/1258080/
1282100,Remnant II,https://store.steampowered.com/app/1282100/
242760,The Forest,https://store.steampowered.com/app/242760/
2855560,流亡黯道,https://store.steampowered.com/app/2855560/
1677740,Stumble Guys,https://store.steampowered.com/app/1677740/
1426210,It Takes Two,https://store.steampowered.com/app/1426210/
627690,Idle Champions of the Forgotten Realms,https://store.steampowered.com/app/627690/
1432860,Sun Haven,https://store.steampowered.com/app/1432860/
48700,Mount & Blade: Warband,https://store.steampowered.com/app/48700/
1919590,NBA 2K23,https://store.steampowered.com/app/1919590/
1659040,HITMAN World of Assassination,https://store.steampowered.com/app/1659040/
1009850,OVR Advanced Settings,https://store.steampowered.com/app/1009850/
239140,Dying Light,https://store.steampowered.com/app/239140/
962130,Grounded,https://store.steampowered.com/app/962130/
1384160,GUILTY GEAR -STRIVE-,https://store.steampowered.com/app/1384160/
812140,Assassin's Creed Odyssey,https://store.steampowered.com/app/812140/
1942280,Brotato,https://store.steampowered.com/app/1942280/
2808930,Lust Goddess,https://store.steampowered.com/app/2808930/
1062090,Timberborn,https://store.steampowered.com/app/1062090/
1343400,RuneScape,https://store.steampowered.com/app/1343400/
1366540,Dyson Sphere Program,https://store.steampowered.com/app/1366540/
2471100,Unnamed Space Idle,https://store.steampowered.com/app/2471100/
380600,Fishing Planet,https://store.steampowered.com/app/380600/
1222680,Need for Speed™ Heat,https://store.steampowered.com/app/1222680/
221380,Age of Empires II (2013),https://store.steampowered.com/app/221380/
1149460,Icarus,https://store.steampowered.com/app/1149460/
2325290,Sky: Children of the Light,https://store.steampowered.com/app/2325290/
985810,GrandChase,https://store.steampowered.com/app/985810/
2250040,Crosshair V2,https://store.steampowered.com/app/2250040/
1568590,Goose Goose Duck,https://store.steampowered.com/app/1568590/
1447430,小黑盒加速器,https://store.steampowered.com/app/1447430/
993090,Lossless Scaling,https://store.steampowered.com/app/993090/
494840,UBOAT,https://store.steampowered.com/app/494840/
2003310,Wallpaper Alive,https://store.steampowered.com/app/2003310/
2051620,Enlisted,https://store.steampowered.com/app/2051620/
570940,DARK SOULS™: REMASTERED,https://store.steampowered.com/app/570940/
8500,EVE Online,https://store.steampowered.com/app/8500/
518790,theHunter: Call of the Wild™,https://store.steampowered.com/app/518790/
2420110,Horizon Forbidden West™ Complete Edition,https://store.steampowered.com/app/2420110/
1184370,Pathfinder: Wrath of the Righteous - Enhanced Edition,https://store.steampowered.com/app/1184370/
881100,Noita,https://store.steampowered.com/app/881100/
1145350,Hades II,https://store.steampowered.com/app/1145350/
1290000,PowerWash Simulator,https://store.steampowered.com/app/1290000/
1092790,Inscryption,https://store.steampowered.com/app/1092790/
386180,Crossout,https://store.steampowered.com/app/386180/
1948980,大侠立志传：碧血丹心,https://store.steampowered.com/app/1948980/
601510,Yu-Gi-Oh! Duel Links,https://store.steampowered.com/app/601510/
393100,Call of Duty: Modern Warfare Remastered - Multiplayer,https://store.steampowered.com/app/393100/
392160,X4: Foundations,https://store.steampowered.com/app/392160/
4700,Total War: MEDIEVAL II - Definitive Edition,https://store.steampowered.com/app/4700/
1260320,Party Animals,https://store.steampowered.com/app/1260320/
1169040,Necesse,https://store.steampowered.com/app/1169040/
1371580,Myth of Empires,https://store.steampowered.com/app/1371580/
231430,Company of Heroes 2,https://store.steampowered.com/app/231430/
1201240,BLEACH Brave Souls - 3D Action,https://store.steampowered.com/app/1201240/
1284190,The Planet Crafter,https://store.steampowered.com/app/1284190/
1363080,Manor Lords,https://store.steampowered.com/app/1363080/
1304930,The Outlast Trials,https://store.steampowered.com/app/1304930/
2427700,Backpack Battles,https://store.steampowered.com/app/2427700/
335300,DARK SOULS™ II: Scholar of the First Sin,https://store.steampowered.com/app/335300/
504230,Celeste,https://store.steampowered.com/app/504230/
703080,Planet Zoo,https://store.steampowered.com/app/703080/
1891700,Tap Ninja,https://store.steampowered.com/app/1891700/
1811260,EA SPORTS™ FIFA 23,https://store.steampowered.com/app/1811260/
1922560,Plants vs. Zombies™ Garden Warfare 2: Deluxe Edition,https://store.steampowered.com/app/1922560/
671860,BattleBit Remastered,https://store.steampowered.com/app/671860/
534380,Dying Light 2: Reloaded Edition,https://store.steampowered.com/app/534380/
1824220,Chivalry 2,https://store.steampowered.com/app/1824220/
2638370,Five Nights at Freddy's: Into the Pit,https://store.steampowered.com/app/2638370/
782330,DOOM Eternal,https://store.steampowered.com/app/782330/
877280,SAO Utils 2: Progressive,https://store.steampowered.com/app/877280/
379430,Kingdom Come: Deliverance,https://store.steampowered.com/app/379430/
2552430,KINGDOM HEARTS -HD 1.5+2.5 ReMIX-,https://store.steampowered.com/app/2552430/
2951630,Total War: PHARAOH DYNASTIES,https://store.steampowered.com/app/2951630/
208650,Batman™: Arkham Knight,https://store.steampowered.com/app/208650/
729040,Borderlands GOTY Enhanced,https://store.steampowered.com/app/729040/
1407200,World of Tanks,https://store.steampowered.com/app/1407200/
460930,Tom Clancy's Ghost Recon® Wildlands,https://store.steampowered.com/app/460930/
1874880,Arma Reforger,https://store.steampowered.com/app/1874880/
1128810,RISK: Global Domination,https://store.steampowered.com/app/1128810/
961200,Predecessor,https://store.steampowered.com/app/961200/
1985810,Call of Duty®: Black Ops Cold War,https://store.steampowered.com/app/1985810/
12210,Grand Theft Auto IV: The Complete Edition,https://store.steampowered.com/app/12210/
1465360,SnowRunner,https://store.steampowered.com/app/1465360/
602960,Barotrauma,https://store.steampowered.com/app/602960/
644930,They Are Billions,https://store.steampowered.com/app/644930/
1401590,Disney Dreamlight Valley,https://store.steampowered.com/app/1401590/
728880,Overcooked! 2,https://store.steampowered.com/app/728880/
400040,ShareX,https://store.steampowered.com/app/400040/
2186680,"Warhammer 40,000: Rogue Trader",https://store.steampowered.com/app/2186680/
356190,Middle-earth™: Shadow of War™,https://store.steampowered.com/app/356190/
203770,Crusader Kings II,https://store.steampowered.com/app/203770/
471710,Rec Room,https://store.steampowered.com/app/471710/
34330,Total War: SHOGUN 2,https://store.steampowered.com/app/34330/
1456940,Level Zero: Extraction,https://store.steampowered.com/app/1456940/
2524890,Pixel Gun 3D: PC Edition,https://store.steampowered.com/app/2524890/
958260,DEAD OR ALIVE Xtreme Venus Vacation,https://store.steampowered.com/app/958260/
1677280,Company of Heroes 3,https://store.steampowered.com/app/1677280/
363970,Clicker Heroes,https://store.steampowered.com/app/363970/
505460,Foxhole,https://store.steampowered.com/app/505460/
400750,Call to Arms - Gates of Hell: Ostfront,https://store.steampowered.com/app/400750/
594570,Total War: WARHAMMER II,https://store.steampowered.com/app/594570/
2281730,Combat Master,https://store.steampowered.com/app/2281730/
568220,Lobotomy Corporation,https://store.steampowered.com/app/568220/
1909840,JIANGHU CHRONICLES,https://store.steampowered.com/app/1909840/
581320,Insurgency: Sandstorm,https://store.steampowered.com/app/581320/
872410,ROMANCE OF THE THREE KINGDOMS XIV,https://store.steampowered.com/app/872410/
1588010,PGA TOUR 2K23,https://store.steampowered.com/app/1588010/
2666510,Rusty's Retirement,https://store.steampowered.com/app/2666510/
1229490,ULTRAKILL,https://store.steampowered.com/app/1229490/
287700,METAL GEAR SOLID V: THE PHANTOM PAIN,https://store.steampowered.com/app/287700/
1097150,Fall Guys,https://store.steampowered.com/app/1097150/
1607250,MY HERO ULTRA RUMBLE,https://store.steampowered.com/app/1607250/
588650,Dead Cells,https://store.steampowered.com/app/588650/
2668080,SNOWBREAK,https://store.steampowered.com/app/2668080/
323190,Frostpunk,https://store.steampowered.com/app/323190/
220200,Kerbal Space Program,https://store.steampowered.com/app/220200/
2231380,Ghost Recon Breakpoint,https://store.steampowered.com/app/2231380/
2140330,Madden NFL 24,https://store.steampowered.com/app/2140330/
266840,Age of Mythology: Extended Edition,https://store.steampowered.com/app/266840/
268910,Cuphead,https://store.steampowered.com/app/268910/
1013320,Firestone: Online Idle RPG,https://store.steampowered.com/app/1013320/
632470,Disco Elysium,https://store.steampowered.com/app/632470/
2208920,Assassin's Creed Valhalla,https://store.steampowered.com/app/2208920/
1189490,觅长生,https://store.steampowered.com/app/1189490/
1637320,Dome Keeper,https://store.steampowered.com/app/1637320/
1336980,NOBUNAGA'S AMBITION: Awakening,https://store.steampowered.com/app/1336980/
1569040,Football Manager 2022,https://store.steampowered.com/app/1569040/
219990,Grim Dawn,https://store.steampowered.com/app/219990/
1535560,Farmer Against Potatoes Idle,https://store.steampowered.com/app/1535560/
784150,Workers & Resources: Soviet Republic,https://store.steampowered.com/app/784150/
1222690,Dragon Age™ Inquisition,https://store.steampowered.com/app/1222690/
1259420,Days Gone,https://store.steampowered.com/app/1259420/
1943950,Escape the Backrooms,https://store.steampowered.com/app/1943950/
1787090,MyDockFinder,https://store.steampowered.com/app/1787090/
2894940,恐龙岛,https://store.steampowered.com/app/2894940/
2315690,WWE 2K24,https://store.steampowered.com/app/2315690/
431240,Golf With Your Friends,https://store.steampowered.com/app/431240/
1621690,Core Keeper,https://store.steampowered.com/app/1621690/
1167630,Teardown,https://store.steampowered.com/app/1167630/
1506830,FIFA 22,https://store.steampowered.com/app/1506830/
1971870,Mortal Kombat 1,https://store.steampowered.com/app/1971870/
2963870,Metal Slug: Awakening,https://store.steampowered.com/app/2963870/
635260,CarX Drift Racing Online,https://store.steampowered.com/app/635260/
620,Portal 2,https://store.steampowered.com/app/620/
47890,The Sims™ 3,https://store.steampowered.com/app/47890/
1206560,WorldBox - God Simulator,https://store.steampowered.com/app/1206560/
1888160,ARMORED CORE™ VI FIRES OF RUBICON™,https://store.steampowered.com/app/1888160/
1928420,Farlight 84,https://store.steampowered.com/app/1928420/
2400510,Dungeons & Degenerate Gamblers,https://store.steampowered.com/app/2400510/
637090,BATTLETECH,https://store.steampowered.com/app/637090/
1113000,Persona 4 Golden,https://store.steampowered.com/app/1113000/
10500,Total War: EMPIRE - Definitive Edition,https://store.steampowered.com/app/10500/
1846380,Need for Speed™ Unbound,https://store.steampowered.com/app/1846380/
1286680,Tiny Tina's Wonderlands,https://store.steampowered.com/app/1286680/
1151640,Horizon Zero Dawn™ Complete Edition,https://store.steampowered.com/app/1151640/
204360,Castle Crashers,https://store.steampowered.com/app/204360/
32470,STAR WARS™ Empire at War: Gold Pack,https://store.steampowered.com/app/32470/
282070,This War of Mine,https://store.steampowered.com/app/282070/
2642680,Half Sword Demo,https://store.steampowered.com/app/2642680/
508440,Totally Accurate Battle Simulator,https://store.steampowered.com/app/508440/
495420,State of Decay 2,https://store.steampowered.com/app/495420/
2961880,Grocery Store Simulator,https://store.steampowered.com/app/2961880/
2280,DOOM + DOOM II,https://store.steampowered.com/app/2280/
767560,War Robots,https://store.steampowered.com/app/767560/
2591280,F1® Manager 2024,https://store.steampowered.com/app/2591280/
1774580,STAR WARS Jedi: Survivor™,https://store.steampowered.com/app/1774580/
1817070,Marvel’s Spider-Man Remastered,https://store.steampowered.com/app/1817070/
544810,KARDS - The WWII Card Game,https://store.steampowered.com/app/544810/
2384620,Out of the Park Baseball 25,https://store.steampowered.com/app/2384620/
1875830,Shin Megami Tensei V: Vengeance,https://store.steampowered.com/app/1875830/
200210,Realm of the Mad God Exalt,https://store.steampowered.com/app/200210/
1404210,Red Dead Online,https://store.steampowered.com/app/1404210/
2527870,Half Sword Playtest,https://store.steampowered.com/app/2527870/
588430,Fallout Shelter,https://store.steampowered.com/app/588430/
1669000,Age of Wonders 4,https://store.steampowered.com/app/1669000/
552500,Warhammer: Vermintide 2,https://store.steampowered.com/app/552500/
916440,Anno 1800,https://store.steampowered.com/app/916440/
1546320,Your Chronicle,https://store.steampowered.com/app/1546320/
2066020,Soulstone Survivors,https://store.steampowered.com/app/2066020/
493340,Planet Coaster,https://store.steampowered.com/app/493340/
573090,Stormworks: Build and Rescue,https://store.steampowered.com/app/573090/
305620,The Long Dark,https://store.steampowered.com/app/305620/
1232580,Knock on the Coffin Lid,https://store.steampowered.com/app/1232580/
858210,Nova Drift,https://store.steampowered.com/app/858210/
219740,Don't Starve,https://store.steampowered.com/app/219740/
2054970,Dragon's Dogma 2,https://store.steampowered.com/app/2054970/
1859910,活俠傳,https://store.steampowered.com/app/1859910/
459820,Crush Crush,https://store.steampowered.com/app/459820/
1056640,Phantasy Star Online 2 New Genesis,https://store.steampowered.com/app/1056640/
824270,KovaaK's,https://store.steampowered.com/app/824270/
1041320,Lords Mobile,https://store.steampowered.com/app/1041320/
2445690,Lost Castle 2,https://store.steampowered.com/app/2445690/
719890,Beasts of Bermuda,https://store.steampowered.com/app/719890/
2167580,Summoners War: Chronicles,https://store.steampowered.com/app/2167580/
1256670,Library Of Ruina,https://store.steampowered.com/app/1256670/
2849080,Kingdom Rush 5: Alliance TD,https://store.steampowered.com/app/2849080/
1477070,Depersonalization,https://store.steampowered.com/app/1477070/
1190970,House Flipper 2,https://store.steampowered.com/app/1190970/
412220,DDNet,https://store.steampowered.com/app/412220/
613100,House Flipper,https://store.steampowered.com/app/613100/
22330,The Elder Scrolls IV: Oblivion,https://store.steampowered.com/app/22330/
815370,Green Hell,https://store.steampowered.com/app/815370/
1129580,Medieval Dynasty,https://store.steampowered.com/app/1129580/
2088570,Tiny Rogues,https://store.steampowered.com/app/2088570/
1119730,Ranch Simulator,https://store.steampowered.com/app/1119730/
787480,Phoenix Wright: Ace Attorney Trilogy,https://store.steampowered.com/app/787480/
835570,Conqueror's Blade,https://store.steampowered.com/app/835570/
665300,Stream Avatars,https://store.steampowered.com/app/665300/
379720,DOOM,https://store.steampowered.com/app/379720/
1482520,Space Station 14 Playtest,https://store.steampowered.com/app/1482520/
1180320,三国杀,https://store.steampowered.com/app/1180320/
8800,Sid Meier's Civilization IV: Beyond the Sword,https://store.steampowered.com/app/8800/
361420,ASTRONEER,https://store.steampowered.com/app/361420/
1066780,Transport Fever 2,https://store.steampowered.com/app/1066780/
786520,SAO Utils: Beta,https://store.steampowered.com/app/786520/
72850,The Elder Scrolls V: Skyrim,https://store.steampowered.com/app/72850/
3069470,Dollar,https://store.steampowered.com/app/3069470/
977950,A Dance of Fire and Ice,https://store.steampowered.com/app/977950/
2221490,Tom Clancy's The Division 2,https://store.steampowered.com/app/2221490/
312060,FINAL FANTASY XIV Online Free Trial,https://store.steampowered.com/app/312060/
1068820,OVR Toolkit,https://store.steampowered.com/app/1068820/
1973530,Limbus Company,https://store.steampowered.com/app/1973530/
632810,Soundpad Demo,https://store.steampowered.com/app/632810/
805550,Assetto Corsa Competizione,https://store.steampowered.com/app/805550/
552520,Far Cry 5,https://store.steampowered.com/app/552520/
2484110,FINAL FANTASY VII EVER CRISIS,https://store.steampowered.com/app/2484110/
1343370,Old School RuneScape,https://store.steampowered.com/app/1343370/
3910,Sid Meier's Civilization III: Complete,https://store.steampowered.com/app/3910/
1468260,Leaf Blower Revolution - Idle Game,https://store.steampowered.com/app/1468260/
447040,Watch_Dogs 2,https://store.steampowered.com/app/447040/
1527950,Wartales,https://store.steampowered.com/app/1527950/
325610,Total War: ATTILA,https://store.steampowered.com/app/325610/
1238860,Battlefield 4™,https://store.steampowered.com/app/1238860/
601150,Devil May Cry 5,https://store.steampowered.com/app/601150/
784080,MechWarrior 5: Mercenaries,https://store.steampowered.com/app/784080/
1325200,Nioh 2 – The Complete Edition,https://store.steampowered.com/app/1325200/
2289450,Idle Cave Miner,https://store.steampowered.com/app/2289450/
47810,Dragon Age: Origins - Ultimate Edition,https://store.steampowered.com/app/47810/
2739590,Mad Island,https://store.steampowered.com/app/2739590/
212500,The Lord of the Rings Online™,https://store.steampowered.com/app/212500/
883710,Resident Evil 2,https://store.steampowered.com/app/883710/
976310,Mortal Kombat 11,https://store.steampowered.com/app/976310/
1190000,Car Mechanic Simulator 2021,https://store.steampowered.com/app/1190000/
924970,Back 4 Blood,https://store.steampowered.com/app/924970/
1217060,Gunfire Reborn,https://store.steampowered.com/app/1217060/
1840,Source Filmmaker,https://store.steampowered.com/app/1840/
212910,Call of Duty: Black Ops II - Zombies,https://store.steampowered.com/app/212910/
669330,Mechabellum,https://store.steampowered.com/app/669330/
1686940,Bopl Battle,https://store.steampowered.com/app/1686940/
365360,Battle Brothers,https://store.steampowered.com/app/365360/
1611600,WARNO,https://store.steampowered.com/app/1611600/
312520,Rain World,https://store.steampowered.com/app/312520/
2479810,Gray Zone Warfare,https://store.steampowered.com/app/2479810/
1084600,My Time at Sandrock,https://store.steampowered.com/app/1084600/
1797880,Lost Light,https://store.steampowered.com/app/1797880/
212680,FTL: Faster Than Light,https://store.steampowered.com/app/212680/
1244460,Jurassic World Evolution 2,https://store.steampowered.com/app/1244460/
1069660,Ultimate Admiral: Dreadnoughts,https://store.steampowered.com/app/1069660/
2078450,"Warhammer 40,000: Speed Freeks",https://store.steampowered.com/app/2078450/
211820,Starbound,https://store.steampowered.com/app/211820/
629730,Blade & Sorcery,https://store.steampowered.com/app/629730/
1336490,Against the Storm,https://store.steampowered.com/app/1336490/
1259970,eFootball PES 2021 SEASON UPDATE,https://store.steampowered.com/app/1259970/
1995520,Pax Dei,https://store.steampowered.com/app/1995520/
311690,Enter the Gungeon,https://store.steampowered.com/app/311690/
1139980,Travellers Rest,https://store.steampowered.com/app/1139980/
1625450,Muck,https://store.steampowered.com/app/1625450/
2072450,Like a Dragon: Infinite Wealth,https://store.steampowered.com/app/2072450/
466170,Idling to Rule the Gods,https://store.steampowered.com/app/466170/
389430,Knight Online,https://store.steampowered.com/app/389430/
1629520,A Little to the Left,https://store.steampowered.com/app/1629520/
2488620,F1® 24,https://store.steampowered.com/app/2488620/
1449690,The Walking Dead: The Telltale Definitive Series,https://store.steampowered.com/app/1449690/
787860,Farming Simulator 19,https://store.steampowered.com/app/787860/
881020,Granblue Fantasy: Relink,https://store.steampowered.com/app/881020/
905370,Conqueror's Blade,https://store.steampowered.com/app/905370/
383120,Empyrion - Galactic Survival,https://store.steampowered.com/app/383120/
1237950,STAR WARS™ Battlefront™ II,https://store.steampowered.com/app/1237950/
1353300,Idle Slayer,https://store.steampowered.com/app/1353300/
3056550,Bananamana,https://store.steampowered.com/app/3056550/
799960,Wizard101,https://store.steampowered.com/app/799960/
466560,Northgard,https://store.steampowered.com/app/466560/
1812450,Bellwright,https://store.steampowered.com/app/1812450/
678950,DRAGON BALL FighterZ,https://store.steampowered.com/app/678950/
1433140,The Texas Chain Saw Massacre,https://store.steampowered.com/app/1433140/
1627720,Lies of P,https://store.steampowered.com/app/1627720/
233450,Prison Architect,https://store.steampowered.com/app/233450/
2420510,HoloCure - Save the Fans!,https://store.steampowered.com/app/2420510/
1827180,Toram Online,https://store.steampowered.com/app/1827180/
9900,Star Trek Online,https://store.steampowered.com/app/9900/
454650,DRAGON BALL XENOVERSE 2,https://store.steampowered.com/app/454650/
975370,Dwarf Fortress,https://store.steampowered.com/app/975370/
736190,Chinese Parents,https://store.steampowered.com/app/736190/
1170950,Mortal Online 2,https://store.steampowered.com/app/1170950/
1533390,Gorilla Tag,https://store.steampowered.com/app/1533390/
1263850,Football Manager 2021,https://store.steampowered.com/app/1263850/
335240,Transformice,https://store.steampowered.com/app/335240/
880940,Pummel Party,https://store.steampowered.com/app/880940/
1295510,DRAGON QUEST XI S: Echoes of an Elusive Age – Definitive Edition,https://store.steampowered.com/app/1295510/
2551020,One-armed robber,https://store.steampowered.com/app/2551020/
1196590,Resident Evil Village,https://store.steampowered.com/app/1196590/
1562430,DREDGE,https://store.steampowered.com/app/1562430/
582160,Assassin's Creed Origins,https://store.steampowered.com/app/582160/
599140,Graveyard Keeper,https://store.steampowered.com/app/599140/
2756770,Tavern Manager Simulator,https://store.steampowered.com/app/2756770/
1815780,Asphalt Legends Unite,https://store.steampowered.com/app/1815780/
1940340,Darkest Dungeon® II,https://store.steampowered.com/app/1940340/
1046930,Dota Underlords,https://store.steampowered.com/app/1046930/
297000,Heroes of Might & Magic III - HD Edition,https://store.steampowered.com/app/297000/
2780980,LOCKDOWN Protocol,https://store.steampowered.com/app/2780980/
304050,Trove,https://store.steampowered.com/app/304050/
2000950,Call of Duty®: Modern Warfare®,https://store.steampowered.com/app/2000950/
459160,Allods Online,https://store.steampowered.com/app/459160/
704450,Neverwinter Nights: Enhanced Edition,https://store.steampowered.com/app/704450/
663090,Granado Espada,https://store.steampowered.com/app/663090/
1477830,HudSight - custom crosshair overlay,https://store.steampowered.com/app/1477830/
774801,Crab Champions,https://store.steampowered.com/app/774801/
1857090,Norland,https://store.steampowered.com/app/1857090/
1044720,Farthest Frontier,https://store.steampowered.com/app/1044720/
17390,Spore,https://store.steampowered.com/app/17390/
516750,My Summer Car,https://store.steampowered.com/app/516750/
524220,NieR:Automata™,https://store.steampowered.com/app/524220/
1029690,Sniper Elite 5,https://store.steampowered.com/app/1029690/
22370,Fallout 3 - Game of the Year Edition,https://store.steampowered.com/app/22370/
2113850,Spirit City: Lofi Sessions,https://store.steampowered.com/app/2113850/
1335200,Action Taimanin,https://store.steampowered.com/app/1335200/
1557740,ROUNDS,https://store.steampowered.com/app/1557740/
2394010,Palworld Dedicated Server,https://store.steampowered.com/app/2394010/
1172380,STAR WARS Jedi: Fallen Order™,https://store.steampowered.com/app/1172380/
2396240,SteamWorld Heist II,https://store.steampowered.com/app/2396240/
391540,Undertale,https://store.steampowered.com/app/391540/
2892880,修仙小屋,https://store.steampowered.com/app/2892880/
629760,MORDHAU,https://store.steampowered.com/app/629760/
223750,DCS World Steam Edition,https://store.steampowered.com/app/223750/
346900,AdVenture Capitalist,https://store.steampowered.com/app/346900/
744900,Dead Frontier 2,https://store.steampowered.com/app/744900/
2212330,Your Only Move Is HUSTLE,https://store.steampowered.com/app/2212330/
3141670,漂流佣兵 Demo,https://store.steampowered.com/app/3141670/
1274570,DEVOUR,https://store.steampowered.com/app/1274570/
992300,嗜血印 Bloody Spell,https://store.steampowered.com/app/992300/
1100600,Football Manager 2020,https://store.steampowered.com/app/1100600/
1367080,MOBILE SUIT GUNDAM BATTLE OPERATION 2,https://store.steampowered.com/app/1367080/
368260,Marvel's Midnight Suns,https://store.steampowered.com/app/368260/
2965660,PILGRIM,https://store.steampowered.com/app/2965660/
1173510,XSOverlay,https://store.steampowered.com/app/1173510/
1222140,Detroit: Become Human,https://store.steampowered.com/app/1222140/
1649080,Two Point Campus,https://store.steampowered.com/app/1649080/
2369390,Far Cry 6,https://store.steampowered.com/app/2369390/
702320,March of Empires,https://store.steampowered.com/app/702320/
552100,Brick Rigs,https://store.steampowered.com/app/552100/
535930,Two Point Hospital,https://store.steampowered.com/app/535930/
1594320,Captain of Industry,https://store.steampowered.com/app/1594320/
70,Half-Life,https://store.steampowered.com/app/70/
851850,DRAGON BALL Z: KAKAROT,https://store.steampowered.com/app/851850/
1147560,Skul: The Hero Slayer,https://store.steampowered.com/app/1147560/
1898300,ASKA,https://store.steampowered.com/app/1898300/
636480,Ravenfield,https://store.steampowered.com/app/636480/
1714040,Super Auto Pets,https://store.steampowered.com/app/1714040/
2067920,Rogue: Genesia,https://store.steampowered.com/app/2067920/
228200,Company of Heroes,https://store.steampowered.com/app/228200/
544730,Catan Universe,https://store.steampowered.com/app/544730/
2962810,Galaxy Idle Clicker,https://store.steampowered.com/app/2962810/
329110,Gems of War,https://store.steampowered.com/app/329110/
342200,MechWarrior Online,https://store.steampowered.com/app/342200/
205100,Dishonored,https://store.steampowered.com/app/205100/
699130,World War Z,https://store.steampowered.com/app/699130/
1850570,DEATH STRANDING DIRECTOR'S CUT,https://store.steampowered.com/app/1850570/
2334730,Death Must Die,https://store.steampowered.com/app/2334730/
1235140,Yakuza: Like a Dragon,https://store.steampowered.com/app/1235140/
363890,RPG Maker MV,https://store.steampowered.com/app/363890/
220,Half-Life 2,https://store.steampowered.com/app/220/
1211020,Wobbly Life,https://store.steampowered.com/app/1211020/
1809540,Nine Sols,https://store.steampowered.com/app/1809540/
1465460,Infection Free Zone,https://store.steampowered.com/app/1465460/
34030,Total War: NAPOLEON - Definitive Edition,https://store.steampowered.com/app/34030/
201810,Wolfenstein: The New Order,https://store.steampowered.com/app/201810/
848450,Subnautica: Below Zero,https://store.steampowered.com/app/848450/
1096900,RPG Maker MZ,https://store.steampowered.com/app/1096900/
1222700,A Way Out,https://store.steampowered.com/app/1222700/
638970,Yakuza 0,https://store.steampowered.com/app/638970/
453480,Shadowverse,https://store.steampowered.com/app/453480/
1876890,Wandering Sword,https://store.steampowered.com/app/1876890/
628070,Romance of the Three Kingdoms XI with Power Up Kit,https://store.steampowered.com/app/628070/
2064650,Tower of Fantasy,https://store.steampowered.com/app/2064650/
2229850,Command & Conquer: Red Alert™ 2 and Yuri’s Revenge™,https://store.steampowered.com/app/2229850/
1385380,Across the Obelisk,https://store.steampowered.com/app/1385380/
1062520,Dinkum,https://store.steampowered.com/app/1062520/
585420,Trailmakers,https://store.steampowered.com/app/585420/
838350,太吾绘卷 The Scroll Of Taiwu,https://store.steampowered.com/app/838350/
885970,Total War: ROME REMASTERED,https://store.steampowered.com/app/885970/
403640,Dishonored 2,https://store.steampowered.com/app/403640/
2225070,Trackmania,https://store.steampowered.com/app/2225070/
1693980,Dead Space,https://store.steampowered.com/app/1693980/
2406770,Bodycam,https://store.steampowered.com/app/2406770/
1054490,Wingspan,https://store.steampowered.com/app/1054490/
753640,Outer Wilds,https://store.steampowered.com/app/753640/
1948800,Yi Xian: The Cultivation Card Game,https://store.steampowered.com/app/1948800/
2108330,F1® 23,https://store.steampowered.com/app/2108330/
42700,Call of Duty: Black Ops,https://store.steampowered.com/app/42700/
1399720,Antimatter Dimensions,https://store.steampowered.com/app/1399720/
1690710,Incremental Epic Hero 2,https://store.steampowered.com/app/1690710/
1954420,麻雀一番街 - 本格麻雀ゲーム,https://store.steampowered.com/app/1954420/
475150,Titan Quest Anniversary Edition,https://store.steampowered.com/app/475150/
244450,Men of War: Assault Squad 2,https://store.steampowered.com/app/244450/
493520,GTFO,https://store.steampowered.com/app/493520/
200260,Batman: Arkham City GOTY,https://store.steampowered.com/app/200260/
433340,Slime Rancher,https://store.steampowered.com/app/433340/
2691730,Dungeon Stalkers Playtest,https://store.steampowered.com/app/2691730/
1888930,The Last of Us™ Part I,https://store.steampowered.com/app/1888930/
469600,Legion TD 2,https://store.steampowered.com/app/469600/
218230,PlanetSide 2,https://store.steampowered.com/app/218230/
9420,Supreme Commander: Forged Alliance,https://store.steampowered.com/app/9420/
477160,Human Fall Flat,https://store.steampowered.com/app/477160/
254700,Resident Evil 4 (2005),https://store.steampowered.com/app/254700/
261640,Borderlands: The Pre-Sequel,https://store.steampowered.com/app/261640/
774171,Muse Dash,https://store.steampowered.com/app/774171/
502500,ACE COMBAT™7: SKIES UNKNOWN,https://store.steampowered.com/app/502500/
1969870,生死狙击2,https://store.steampowered.com/app/1969870/
1462040,FINAL FANTASY VII REMAKE INTERGRADE,https://store.steampowered.com/app/1462040/
920490,Driver Booster for Steam,https://store.steampowered.com/app/920490/
21690,Resident Evil 5,https://store.steampowered.com/app/21690/
268850,EVGA Precision X1,https://store.steampowered.com/app/268850/
701160,Kingdom Two Crowns,https://store.steampowered.com/app/701160/
3017120,Egg Surprise,https://store.steampowered.com/app/3017120/
359870,FINAL FANTASY X/X-2 HD Remaster,https://store.steampowered.com/app/359870/
780290,Gloomhaven,https://store.steampowered.com/app/780290/
1197260,The Perfect Tower II,https://store.steampowered.com/app/1197260/
2751000,Prince of Persia The Lost Crown,https://store.steampowered.com/app/2751000/
212200,Mabinogi,https://store.steampowered.com/app/212200/
1029780,Going Medieval,https://store.steampowered.com/app/1029780/
1458140,Pacific Drive,https://store.steampowered.com/app/1458140/
234140,Mad Max,https://store.steampowered.com/app/234140/
1877960,Trimps,https://store.steampowered.com/app/1877960/
492720,Tropico 6,https://store.steampowered.com/app/492720/
1948280,Stacklands,https://store.steampowered.com/app/1948280/
1397920,Mr.Mine,https://store.steampowered.com/app/1397920/
2586520,Atelier Resleriana: Forgotten Alchemy and the Polar Night Liberator [JP],https://store.steampowered.com/app/2586520/
383980,Rivals of Aether,https://store.steampowered.com/app/383980/
527230,For The King,https://store.steampowered.com/app/527230/
2732960,Command & Conquer™ Generals Zero Hour,https://store.steampowered.com/app/2732960/
418370,Resident Evil 7 Biohazard,https://store.steampowered.com/app/418370/
1276390,Bloons TD Battles 2,https://store.steampowered.com/app/1276390/
1150690,OMORI,https://store.steampowered.com/app/1150690/
2695940,PANICORE,https://store.steampowered.com/app/2695940/
992070,Idle Wizard,https://store.steampowered.com/app/992070/
1296610,Peglin,https://store.steampowered.com/app/1296610/
692890,Roboquest,https://store.steampowered.com/app/692890/
1976440,CounterSide,https://store.steampowered.com/app/1976440/
9450,"Warhammer 40,000: Dawn of War - Soulstorm",https://store.steampowered.com/app/9450/
2418520,Farm Together 2,https://store.steampowered.com/app/2418520/
1418630,Dread Hunger,https://store.steampowered.com/app/1418630/
670290,Real Pool 3D - Poolians,https://store.steampowered.com/app/670290/
2739600,剑气劫,https://store.steampowered.com/app/2739600/
289650,Assassin's Creed Unity,https://store.steampowered.com/app/289650/
610080,Realm Grinder,https://store.steampowered.com/app/610080/
1676840,For The King II,https://store.steampowered.com/app/1676840/
242050,Assassin's Creed IV Black Flag,https://store.steampowered.com/app/242050/
834910,ATLAS,https://store.steampowered.com/app/834910/
1127400,Mindustry,https://store.steampowered.com/app/1127400/
769560,Night of the Full Moon,https://store.steampowered.com/app/769560/
1465470,The Crust,https://store.steampowered.com/app/1465470/
224260,No More Room in Hell,https://store.steampowered.com/app/224260/
489630,"Warhammer 40,000: Gladius - Relics of War",https://store.steampowered.com/app/489630/
386940,Ultimate Chicken Horse,https://store.steampowered.com/app/386940/
387990,Scrap Mechanic,https://store.steampowered.com/app/387990/
33230,Assassin's Creed II,https://store.steampowered.com/app/33230/
2305840,Cat Quest III,https://store.steampowered.com/app/2305840/
2396980,Fate/stay night REMASTERED,https://store.steampowered.com/app/2396980/
1324130,Stranded: Alien Dawn,https://store.steampowered.com/app/1324130/
1566690,Outpost: Infinity Siege,https://store.steampowered.com/app/1566690/
1971650,OCTOPATH TRAVELER II,https://store.steampowered.com/app/1971650/
2273430,BlazBlue Entropy Effect,https://store.steampowered.com/app/2273430/
3900,Sid Meier's Civilization IV,https://store.steampowered.com/app/3900/
55150,"Warhammer 40,000: Space Marine - Anniversary Edition",https://store.steampowered.com/app/55150/
1097430,依盖之书 book of yog,https://store.steampowered.com/app/1097430/
934700,Dead Island 2,https://store.steampowered.com/app/934700/
1213210,Command & Conquer™ Remastered Collection,https://store.steampowered.com/app/1213210/
1089090,ONE PIECE: PIRATE WARRIORS 4,https://store.steampowered.com/app/1089090/
363150,Romance of the Three Kingdoms XIII,https://store.steampowered.com/app/363150/
488790,South Park The Fractured But Whole,https://store.steampowered.com/app/488790/
391220,Rise of the Tomb Raider,https://store.steampowered.com/app/391220/
794260,Outward,https://store.steampowered.com/app/794260/
463530,Empires of the Undergrowth,https://store.steampowered.com/app/463530/
2080690,Sunkenland,https://store.steampowered.com/app/2080690/
1689500,Dune: Imperium,https://store.steampowered.com/app/1689500/
1881700,Undawn,https://store.steampowered.com/app/1881700/
678960,CODE VEIN,https://store.steampowered.com/app/678960/
1124300,HUMANKIND™,https://store.steampowered.com/app/1124300/
1435790,Escape Simulator,https://store.steampowered.com/app/1435790/
221040,Resident Evil 6,https://store.steampowered.com/app/221040/
470220,UNO,https://store.steampowered.com/app/470220/
720620,TaleSpire,https://store.steampowered.com/app/720620/
1419170,My Singing Monsters,https://store.steampowered.com/app/1419170/
2140510,Town of Salem 2,https://store.steampowered.com/app/2140510/
612880,Wolfenstein II: The New Colossus,https://store.steampowered.com/app/612880/
312660,Sniper Elite 4,https://store.steampowered.com/app/312660/
736220,Squad 44,https://store.steampowered.com/app/736220/
2458860,Summer Clover,https://store.steampowered.com/app/2458860/
1520470,封灵档案/Soul Dossier,https://store.steampowered.com/app/1520470/
3096730,REM: The Prologue,https://store.steampowered.com/app/3096730/
3330,Zuma Deluxe,https://store.steampowered.com/app/3330/
65800,Dungeon Defenders,https://store.steampowered.com/app/65800/
1683150,Railroader,https://store.steampowered.com/app/1683150/
362890,Black Mesa,https://store.steampowered.com/app/362890/
1057090,Ori and the Will of the Wisps,https://store.steampowered.com/app/1057090/
546560,Half-Life: Alyx,https://store.steampowered.com/app/546560/
843380,Super Animal Royale,https://store.steampowered.com/app/843380/
2835570,Buckshot Roulette,https://store.steampowered.com/app/2835570/
1042550,Digimon Story Cyber Sleuth: Complete Edition,https://store.steampowered.com/app/1042550/
640820,Pathfinder: Kingmaker,https://store.steampowered.com/app/640820/
445220,Avorion,https://store.steampowered.com/app/445220/
1332010,Stray,https://store.steampowered.com/app/1332010/
1486350,VRoid Studio,https://store.steampowered.com/app/1486350/
1118310,RetroArch,https://store.steampowered.com/app/1118310/
225540,Just Cause 3,https://store.steampowered.com/app/225540/
287450,Rise of Nations: Extended Edition,https://store.steampowered.com/app/287450/
1333350,Angel Legion: LSP Idle RPG,https://store.steampowered.com/app/1333350/
1084160,Jagged Alliance 3,https://store.steampowered.com/app/1084160/
898920,Axis & Allies 1942 Online,https://store.steampowered.com/app/898920/
1422440,Cataclismo,https://store.steampowered.com/app/1422440/
1144400,Senren＊Banka,https://store.steampowered.com/app/1144400/
2972990,ホロライブお宝マウンテン,https://store.steampowered.com/app/2972990/
109600,Neverwinter,https://store.steampowered.com/app/109600/
221680,Rocksmith® 2014 Edition - Remastered,https://store.steampowered.com/app/221680/
1272080,PAYDAY 3,https://store.steampowered.com/app/1272080/
2333480,RAID: Shadow Legends,https://store.steampowered.com/app/2333480/
799600,Cosmoteer: Starship Architect & Commander,https://store.steampowered.com/app/799600/
1644960,NBA 2K22,https://store.steampowered.com/app/1644960/
1869590,Omega Strikers,https://store.steampowered.com/app/1869590/
19680,Alice: Madness Returns,https://store.steampowered.com/app/19680/
1451190,Undisputed,https://store.steampowered.com/app/1451190/
4760,Rome: Total War,https://store.steampowered.com/app/4760/
10090,Call of Duty: World at War,https://store.steampowered.com/app/10090/
690790,DiRT Rally 2.0,https://store.steampowered.com/app/690790/
1584090,东方夜雀食堂 - Touhou Mystia's Izakaya,https://store.steampowered.com/app/1584090/
2593370,The Hungry Lamb: Traveling in the Late Ming Dynasty,https://store.steampowered.com/app/2593370/
620980,Beat Saber,https://store.steampowered.com/app/620980/
1785150,Friends vs Friends,https://store.steampowered.com/app/1785150/
2276930,Chillquarium,https://store.steampowered.com/app/2276930/
204880,Sins of a Solar Empire: Rebellion,https://store.steampowered.com/app/204880/
1188930,Chrono Ark,https://store.steampowered.com/app/1188930/
1180380,Stay Out,https://store.steampowered.com/app/1180380/
228380,Wreckfest,https://store.steampowered.com/app/228380/
1049590,Eternal Return,https://store.steampowered.com/app/1049590/
351940,The Descendant,https://store.steampowered.com/app/351940/
480490,Prey,https://store.steampowered.com/app/480490/
920210,LEGO® Star Wars™: The Skywalker Saga,https://store.steampowered.com/app/920210/
1017900,Age of Empires: Definitive Edition,https://store.steampowered.com/app/1017900/
200510,XCOM: Enemy Unknown,https://store.steampowered.com/app/200510/
1280930,Astral Ascent,https://store.steampowered.com/app/1280930/
1645820,SurrounDead,https://store.steampowered.com/app/1645820/
1238040,Dragon Age II,https://store.steampowered.com/app/1238040/
1416920,中国式网游,https://store.steampowered.com/app/1416920/
1929610,Demonologist,https://store.steampowered.com/app/1929610/
1127500,Mini Motorways,https://store.steampowered.com/app/1127500/
367500,Dragon's Dogma: Dark Arisen,https://store.steampowered.com/app/367500/
389730,TEKKEN 7,https://store.steampowered.com/app/389730/
1284410,GWENT: The Witcher Card Game,https://store.steampowered.com/app/1284410/
2816950,Yaoling: Mythical Journey,https://store.steampowered.com/app/2816950/
1105420,Game of Thrones Winter is Coming,https://store.steampowered.com/app/1105420/
1812820,Bitburner,https://store.steampowered.com/app/1812820/
1817190,Marvel's Spider-Man: Miles Morales,https://store.steampowered.com/app/1817190/
203160,Tomb Raider,https://store.steampowered.com/app/203160/
243470,Watch_Dogs,https://store.steampowered.com/app/243470/
1669980,Volcano Princess,https://store.steampowered.com/app/1669980/
2187220,Apollo Justice: Ace Attorney Trilogy,https://store.steampowered.com/app/2187220/
349040,NARUTO SHIPPUDEN: Ultimate Ninja STORM 4,https://store.steampowered.com/app/349040/
42960,Victoria II,https://store.steampowered.com/app/42960/
551170,Onmyoji,https://store.steampowered.com/app/551170/
333640,Caves of Qud,https://store.steampowered.com/app/333640/
2103530,Idle Clans,https://store.steampowered.com/app/2103530/
2586650,Winning Post 10 2024,https://store.steampowered.com/app/2586650/
280680,Krita,https://store.steampowered.com/app/280680/
213670,South Park™: The Stick of Truth™,https://store.steampowered.com/app/213670/
774361,Blasphemous,https://store.steampowered.com/app/774361/
2171440,Fear & Hunger 2: Termina,https://store.steampowered.com/app/2171440/
2725560,Idle Fishing,https://store.steampowered.com/app/2725560/
242920,Banished,https://store.steampowered.com/app/242920/
1367550,Kingdom Rush Vengeance,https://store.steampowered.com/app/1367550/
1449560,Metro Exodus Enhanced Edition,https://store.steampowered.com/app/1449560/
251060,Wargame: Red Dragon,https://store.steampowered.com/app/251060/
896660,Valheim Dedicated Server,https://store.steampowered.com/app/896660/
388080,Borderless Gaming,https://store.steampowered.com/app/388080/
666140,My Time at Portia,https://store.steampowered.com/app/666140/
2194530,Yog-Sothoth's Yard,https://store.steampowered.com/app/2194530/
2157560,Granblue Fantasy Versus: Rising,https://store.steampowered.com/app/2157560/
2897580,Idle Hero TD,https://store.steampowered.com/app/2897580/
314160,Microsoft Flight Simulator X: Steam Edition,https://store.steampowered.com/app/314160/
2742140,修真大陆,https://store.steampowered.com/app/2742140/
2989820,Pocket Waifu: Desktop Pet,https://store.steampowered.com/app/2989820/
955900,Amazing Cultivation Simulator,https://store.steampowered.com/app/955900/
2138610,The Legend of Heroes: Trails through Daybreak,https://store.steampowered.com/app/2138610/
2138710,Sifu,https://store.steampowered.com/app/2138710/
500,Left 4 Dead,https://store.steampowered.com/app/500/
2963880,Murky Divers,https://store.steampowered.com/app/2963880/
292730,Call of Duty: Infinite Warfare,https://store.steampowered.com/app/292730/
1296830,暖雪 Warm Snow,https://store.steampowered.com/app/1296830/
2552450,KINGDOM HEARTS III + Re Mind (DLC),https://store.steampowered.com/app/2552450/
22320,The Elder Scrolls III: Morrowind,https://store.steampowered.com/app/22320/
464920,Surviving Mars,https://store.steampowered.com/app/464920/
2698780,ContractVille,https://store.steampowered.com/app/2698780/
209000,Batman™: Arkham Origins,https://store.steampowered.com/app/209000/
603850,Age of History II,https://store.steampowered.com/app/603850/
1062810,Inkbound,https://store.steampowered.com/app/1062810/
858820,Tribes of Midgard,https://store.steampowered.com/app/858820/
1721470,Poppy Playtime,https://store.steampowered.com/app/1721470/
35140,Batman: Arkham Asylum GOTY Edition,https://store.steampowered.com/app/35140/
2622000,Astral Party,https://store.steampowered.com/app/2622000/
246420,Kingdom Rush,https://store.steampowered.com/app/246420/
1007040,EARTH DEFENSE FORCE 5,https://store.steampowered.com/app/1007040/
438040,Shakes and Fidget,https://store.steampowered.com/app/438040/
2459550,Emberward,https://store.steampowered.com/app/2459550/
750920,Shadow of the Tomb Raider,https://store.steampowered.com/app/750920/
371970,Barony,https://store.steampowered.com/app/371970/
1318690,shapez,https://store.steampowered.com/app/1318690/
1377580,Soulworker,https://store.steampowered.com/app/1377580/
2069310,RealFlight Evolution,https://store.steampowered.com/app/2069310/
502520,Ultimate General: Civil War,https://store.steampowered.com/app/502520/
2132850,Rabbit and Steel,https://store.steampowered.com/app/2132850/
1241100,POLYGON,https://store.steampowered.com/app/1241100/
1176470,Terra Invicta,https://store.steampowered.com/app/1176470/
1827980,Idle Spiral,https://store.steampowered.com/app/1827980/
269950,X-Plane 11,https://store.steampowered.com/app/269950/
1352080,SMASH LEGENDS,https://store.steampowered.com/app/1352080/
2440510,Forza Motorsport,https://store.steampowered.com/app/2440510/
400,Portal,https://store.steampowered.com/app/400/
2366980,Thank Goodness You're Here!,https://store.steampowered.com/app/2366980/
40970,Stronghold Crusader HD,https://store.steampowered.com/app/40970/
214490,Alien: Isolation,https://store.steampowered.com/app/214490/
241930,Middle-earth™: Shadow of Mordor™,https://store.steampowered.com/app/241930/
1537830,Disney Speedstorm,https://store.steampowered.com/app/1537830/
897330,Coloring Pixels,https://store.steampowered.com/app/897330/
1593350,Increlution,https://store.steampowered.com/app/1593350/
2231450,Pizza Tower,https://store.steampowered.com/app/2231450/
393080,Call of Duty: Modern Warfare Remastered (2017),https://store.steampowered.com/app/393080/
16900,GROUND BRANCH,https://store.steampowered.com/app/16900/
412020,Metro Exodus,https://store.steampowered.com/app/412020/
298110,Far Cry 4,https://store.steampowered.com/app/298110/
205710,EverQuest Free-to-Play,https://store.steampowered.com/app/205710/
249130,LEGO® MARVEL Super Heroes,https://store.steampowered.com/app/249130/
3056370,Honey Peach Clicker,https://store.steampowered.com/app/3056370/
800270,Terraforming Mars,https://store.steampowered.com/app/800270/
2336220,Feed The Cups,https://store.steampowered.com/app/2336220/
2767520,LurkBait Twitch Fishing,https://store.steampowered.com/app/2767520/
2840770,Avatar: Frontiers of Pandora,https://store.steampowered.com/app/2840770/
571740,Golf It!,https://store.steampowered.com/app/571740/
24200,DC Universe Online,https://store.steampowered.com/app/24200/
2396910,吞食天地2：誕生,https://store.steampowered.com/app/2396910/
859580,Imperator: Rome,https://store.steampowered.com/app/859580/
1002300,Fear & Hunger,https://store.steampowered.com/app/1002300/
1708850,Drug Dealer Simulator 2,https://store.steampowered.com/app/1708850/
1097840,Gears 5,https://store.steampowered.com/app/1097840/
1102190,Monster Train,https://store.steampowered.com/app/1102190/
2203070,Dragonheir: Silent Gods,https://store.steampowered.com/app/2203070/
208580,STAR WARS™ Knights of the Old Republic™ II: The Sith Lords™,https://store.steampowered.com/app/208580/
293760,Automation - The Car Company Tycoon Game,https://store.steampowered.com/app/293760/
698780,Doki Doki Literature Club,https://store.steampowered.com/app/698780/
751780,Forager,https://store.steampowered.com/app/751780/
777130,Blush Blush,https://store.steampowered.com/app/777130/
1162750,Songs of Syx,https://store.steampowered.com/app/1162750/
392110,ENDLESS™ Space 2,https://store.steampowered.com/app/392110/
1279510,Screw Drivers,https://store.steampowered.com/app/1279510/
2239150,Thronefall,https://store.steampowered.com/app/2239150/
458710,Kingdom Rush Frontiers,https://store.steampowered.com/app/458710/
784950,Conflict of Nations: World War 3,https://store.steampowered.com/app/784950/
3016800,Mecha BREAK Playtest,https://store.steampowered.com/app/3016800/
674940,Stick Fight: The Game,https://store.steampowered.com/app/674940/
223710,Cry of Fear,https://store.steampowered.com/app/223710/
105450,Age of Empires® III (2007),https://store.steampowered.com/app/105450/
397900,Business Tour - Online Multiplayer Board Game,https://store.steampowered.com/app/397900/
273110,Counter-Strike Nexon: Studio,https://store.steampowered.com/app/273110/
327030,Worms W.M.D,https://store.steampowered.com/app/327030/
960170,DJMAX RESPECT V,https://store.steampowered.com/app/960170/
986130,Shadows of Doubt,https://store.steampowered.com/app/986130/
1017180,The Long Drive,https://store.steampowered.com/app/1017180/
1583320,Pro Soccer Online,https://store.steampowered.com/app/1583320/
2244130,Ratopia,https://store.steampowered.com/app/2244130/
872200,Rogue Company,https://store.steampowered.com/app/872200/
2764370,星之翼（Starward）,https://store.steampowered.com/app/2764370/
1238000,Mass Effect™: Andromeda,https://store.steampowered.com/app/1238000/
2701510,奕剑江湖,https://store.steampowered.com/app/2701510/
307690,Sleeping Dogs: Definitive Edition,https://store.steampowered.com/app/307690/
997010,Police Simulator: Patrol Officers,https://store.steampowered.com/app/997010/
409710,BioShock Remastered,https://store.steampowered.com/app/409710/
1437830,三国群英传2,https://store.steampowered.com/app/1437830/
972660,Spiritfarer®: Farewell Edition,https://store.steampowered.com/app/972660/
1898830,VBridger,https://store.steampowered.com/app/1898830/
2933080,Crime Boss: Rockay City,https://store.steampowered.com/app/2933080/
223850,3DMark,https://store.steampowered.com/app/223850/
780310,The Riftbreaker,https://store.steampowered.com/app/780310/
1957780,Ghosts Of Tabor,https://store.steampowered.com/app/1957780/
872790,Football Manager 2019,https://store.steampowered.com/app/872790/
1243830,Overcooked! All You Can Eat,https://store.steampowered.com/app/1243830/
2854160,"INAZUMA ELEVEN: Victory Road Worldwide Beta Test Demo ""Leave Your Inazuma Mark on the World!""",https://store.steampowered.com/app/2854160/
17480,Command & Conquer™ Red Alert™ 3,https://store.steampowered.com/app/17480/
2218750,Halls of Torment,https://store.steampowered.com/app/2218750/
1262240,Plants vs. Zombies: Battle for Neighborville,https://store.steampowered.com/app/1262240/
2875140,失业了，我获得了亿万游戏财产！,https://store.steampowered.com/app/2875140/
78000,Bejeweled 3,https://store.steampowered.com/app/78000/
228280,Baldur's Gate: Enhanced Edition,https://store.steampowered.com/app/228280/
952060,Resident Evil 3,https://store.steampowered.com/app/952060/
637650,FINAL FANTASY XV WINDOWS EDITION,https://store.steampowered.com/app/637650/
2864890,Magic Research 2,https://store.steampowered.com/app/2864890/
1266630,懒人修仙传2,https://store.steampowered.com/app/1266630/
512900,Streets of Rogue,https://store.steampowered.com/app/512900/
12120,Grand Theft Auto: San Andreas,https://store.steampowered.com/app/12120/
2772560,Supermarket Simulator: Prologue,https://store.steampowered.com/app/2772560/
1262580,Need for Speed™ Payback,https://store.steampowered.com/app/1262580/
1316680,VLADiK BRUTAL,https://store.steampowered.com/app/1316680/
2627540,へなぽらんど,https://store.steampowered.com/app/2627540/
418530,Spelunky 2,https://store.steampowered.com/app/418530/
1611910,"Warhammer 40,000: Chaos Gate - Daemonhunters",https://store.steampowered.com/app/1611910/
1371980,No Rest for the Wicked,https://store.steampowered.com/app/1371980/
2739990,Mahjong Soul,https://store.steampowered.com/app/2739990/
2654540,無休仙途,https://store.steampowered.com/app/2654540/
1106840,Hydroneer,https://store.steampowered.com/app/1106840/
1970580,Backpack Hero,https://store.steampowered.com/app/1970580/
3107070,THE JOY OF CREATION Demo,https://store.steampowered.com/app/3107070/
1164940,Trepang2,https://store.steampowered.com/app/1164940/
937310,Infinitode 2,https://store.steampowered.com/app/937310/
1606180,下一站江湖Ⅱ,https://store.steampowered.com/app/1606180/
404790,Godot Engine,https://store.steampowered.com/app/404790/
760160,Vampire: The Masquerade - Bloodhunt,https://store.steampowered.com/app/760160/
1499560,LastCloudiaTc,https://store.steampowered.com/app/1499560/
1361350,DEAD OR ALIVE Xtreme Venus Vacation [JP],https://store.steampowered.com/app/1361350/
1677350,EA SPORTS™ PGA TOUR™,https://store.steampowered.com/app/1677350/
394690,Tower Unite,https://store.steampowered.com/app/394690/
979110,Space Haven,https://store.steampowered.com/app/979110/
677620,Splitgate,https://store.steampowered.com/app/677620/
1817230,Hi-Fi RUSH,https://store.steampowered.com/app/1817230/
220240,Far Cry® 3,https://store.steampowered.com/app/220240/
373420,Divinity: Original Sin Enhanced Edition,https://store.steampowered.com/app/373420/
1173370,Slapshot: Rebound,https://store.steampowered.com/app/1173370/
2154770,NOBUNAGA'S AMBITION: Hadou,https://store.steampowered.com/app/2154770/
253710,theHunter Classic,https://store.steampowered.com/app/253710/
1276760,DRAGON BALL: THE BREAKERS,https://store.steampowered.com/app/1276760/
1288320,Way of the Hunter,https://store.steampowered.com/app/1288320/
1659420,UNCHARTED™: Legacy of Thieves Collection,https://store.steampowered.com/app/1659420/
2826180,ChillPulse,https://store.steampowered.com/app/2826180/
202990,Call of Duty: Black Ops II - Multiplayer,https://store.steampowered.com/app/202990/
2014780,X-Plane 12,https://store.steampowered.com/app/2014780/
646910,The Crew 2,https://store.steampowered.com/app/646910/
2064870,Deceit 2,https://store.steampowered.com/app/2064870/
1254120,Bless Unleashed,https://store.steampowered.com/app/1254120/
236110,Dungeon Defenders II,https://store.steampowered.com/app/236110/
1149620,Gas Station Simulator,https://store.steampowered.com/app/1149620/
1364390,Animaze,https://store.steampowered.com/app/1364390/
489520,Minion Masters,https://store.steampowered.com/app/489520/
569480,Kingdoms and Castles,https://store.steampowered.com/app/569480/
707010,Will To Live Online,https://store.steampowered.com/app/707010/
667970,VTOL VR,https://store.steampowered.com/app/667970/
870780,Control Ultimate Edition,https://store.steampowered.com/app/870780/
360430,Mafia III: Definitive Edition,https://store.steampowered.com/app/360430/
2484250,ASTRA: Knights of Veda,https://store.steampowered.com/app/2484250/
704850,Thief Simulator,https://store.steampowered.com/app/704850/
728530,SD GUNDAM G GENERATION CROSS RAYS,https://store.steampowered.com/app/728530/
1268750,Starship Troopers: Extermination,https://store.steampowered.com/app/1268750/
354290,LoveBeat,https://store.steampowered.com/app/354290/
1657630,Slime Rancher 2,https://store.steampowered.com/app/1657630/
24810,Command & Conquer 3: Kane's Wrath™,https://store.steampowered.com/app/24810/
1066890,Automobilista 2,https://store.steampowered.com/app/1066890/
1096530,Solasta: Crown of the Magister,https://store.steampowered.com/app/1096530/
2103140,Magicraft,https://store.steampowered.com/app/2103140/
212160,Vindictus,https://store.steampowered.com/app/212160/
983380,Car Manufacture,https://store.steampowered.com/app/983380/
257350,Baldur's Gate II: Enhanced Edition,https://store.steampowered.com/app/257350/
458750,FireAlpaca SE,https://store.steampowered.com/app/458750/
617290,Remnant: From the Ashes,https://store.steampowered.com/app/617290/
8870,BioShock Infinite,https://store.steampowered.com/app/8870/
24780,SimCity 4 Deluxe,https://store.steampowered.com/app/24780/
268650,From The Depths,https://store.steampowered.com/app/268650/
337410,Karos,https://store.steampowered.com/app/337410/
1158850,The Great Ace Attorney Chronicles,https://store.steampowered.com/app/1158850/
1672970,Minecraft Dungeons,https://store.steampowered.com/app/1672970/
2362300,Train Sim World® 4,https://store.steampowered.com/app/2362300/
763890,Wildermyth,https://store.steampowered.com/app/763890/
983870,FOUNDRY,https://store.steampowered.com/app/983870/
1974050,Torchlight: Infinite,https://store.steampowered.com/app/1974050/
