app_id,Nome,positive_reviews,negative_reviews,percentage_reviews
730,Counter-Strike 2,7189545,1061023,87.14
2923300,Banana,33881,7147,82.58
570,Dota 2,1875595,420677,81.68
2139460,Once Human,51255,19637,72.3
271590,Grand Theft Auto V,1612940,240162,87.04
1938090,Call of Duty®,352676,251325,58.39
1086940,Baldur's Gate 3,621335,20540,96.8
431960,Wallpaper Engine,792697,15765,98.05
252490,Rust,954294,141588,87.08
238960,Path of Exile,200299,24327,89.17
251570,7 Days to Die,294490,39361,88.21
440,Team Fortress 2,972758,140747,87.36
2074920,The First Descendant,42612,34654,55.15
1085660,Destiny 2,490000,119832,80.35
230410,Warframe,514890,78438,86.78
39210,FINAL FANTASY XIV Online,67108,9030,88.14
553850,HELLDIVERS™ 2,644075,252341,71.85
2357570,Overwatch® 2,56614,231793,19.63
438100,VRChat,167026,55943,74.91
105600,Terraria,1289387,31977,97.58
1222670,The Sims™ 4,128312,18347,87.49
436150,Governor of Poker 3,10613,4568,69.91
582010,Monster Hunter: World,396426,56684,87.49
394360,Hearts of Iron IV,270986,26899,90.97
1281930,tModLoader,257915,7785,97.07
221100,DayZ,301918,95866,75.9
108600,Project Zomboid,295330,18317,94.16
1174180,Red Dead Redemption 2,554725,50870,91.6
3132990,Black Myth: Wukong Benchmark Tool,3139,270,92.08
489830,The Elder Scrolls V: Skyrim Special Edition,278735,26160,91.42
304930,Unturned,498126,46393,91.48
377160,Fallout 4,309814,64810,82.7
346110,ARK: Survival Evolved,583167,116074,83.4
252950,Rocket League,508525,71255,87.71
1782210,Crab Game,138836,12385,91.81
2016590,Dark and Darker,31434,11345,73.48
739630,Phasmophobia,672100,28442,95.94
4000,Garry's Mod,1056662,35608,96.74
1623660,MIR4,9233,4950,65.1
275850,No Man's Sky,254303,58801,81.22
2977660,Cats,1741,499,77.72
960090,Bloons TD 6,314322,8689,97.31
1142710,Total War: WARHAMMER III,72287,33411,68.39
261550,Mount & Blade II: Bannerlord,218459,30044,87.91
813780,Age of Empires II: Definitive Edition,139991,7710,94.78
1238810,Battlefield™ V,156713,65260,70.6
548430,Deep Rock Galactic,297038,8651,97.17
1158310,Crusader Kings III,100633,9529,91.35
8930,Sid Meier's Civilization V,191109,7673,96.14
2448970,Dungeonborne,8882,4351,67.12
1454400,Cookie Clicker,65734,2152,96.83
322170,Geometry Dash,342744,23984,93.46
311210,Call of Duty: Black Ops III,170177,32777,83.85
1313140,Cult of the Lamb,76776,3888,95.18
582660,Black Desert,60724,20523,74.74
1151340,Fallout 76,82728,30972,72.76
386360,SMITE,93397,24842,78.99
227300,Euro Truck Simulator 2,770500,20649,97.39
513710,SCUM,77891,26942,74.3
427520,Factorio,182009,6114,96.75
236850,Europa Universalis IV,110494,16292,87.15
284160,BeamNG.drive,257390,7088,97.32
292030,The Witcher 3: Wild Hunt,760713,31119,96.07
397540,Borderlands 3,114735,20168,85.05
1517290,Battlefield™ 2042,121434,151023,44.57
2338770,NBA 2K24,11423,28295,28.76
632360,Risk of Rain 2,271362,11042,96.09
216150,MapleStory,8294,5000,62.39
240,Counter-Strike: Source,167354,6430,96.3
107410,Arma 3,244411,26015,90.38
1172620,Sea of Thieves,301799,35256,89.54
457140,Oxygen Not Included,114559,3836,96.76
1920960,VPet,40429,695,98.31
3076520,Dog,15,22,40.54
393380,Squad,150713,32949,82.06
2379780,Balatro,45717,1230,97.38
1446780,MONSTER HUNTER RISE,81681,19472,80.75
1476970,Legends of Idleon MMO,13765,3826,78.25
1325860,VTube Studio,4316,357,92.36
761890,Albion Online,59492,15700,79.12
255710,Cities: Skylines,241945,17430,93.28
2141910,Magic: The Gathering Arena,7984,4379,64.58
218620,PAYDAY 2,587822,68669,89.54
766570,Russian Fishing 4,32137,33103,49.26
2670630,Supermarket Simulator,43543,3187,93.18
814380,Sekiro™: Shadows Die Twice,280103,13660,95.35
2707930,Palia,10683,2578,80.56
286160,Tabletop Simulator,62862,3828,94.26
1778820,TEKKEN 8,25942,10803,70.6
365670,Blender,58772,2119,96.52
526870,Satisfactory,161100,5051,96.96
3047030,Tapple,264,112,70.21
49520,Borderlands 2,267620,17355,93.91
2526380,Sword of Convallaria,1259,455,73.45
1665460,eFootball™ 2024,34523,43636,44.17
1812620,DSX,2171,1218,64.06
2567870,Chained Together,24587,3014,89.08
949230,Cities: Skylines II,30910,27017,53.36
552990,World of Warships,109539,31838,77.48
376210,The Isle,66662,15313,81.32
10,Counter-Strike,233301,6154,97.43
1203620,Enshrouded,46231,7551,85.96
1997040,MARVEL SNAP,22248,4586,82.91
1593500,God of War,130600,4821,96.44
686810,Hell Let Loose,103135,22364,82.18
990080,Hogwarts Legacy,251186,25603,90.75
976730,Halo: The Master Chief Collection,212962,17317,92.48
22380,Fallout: New Vegas,206575,8361,96.11
374320,DARK SOULS™ III,367410,21878,94.38
1250410,Microsoft Flight Simulator,47523,12816,78.76
1904540,Football Manager 2023,17290,2009,89.59
431730,Aseprite,18472,164,99.12
648800,Raft,300068,20929,93.48
700330,SCP: Secret Laboratory,180213,16612,91.56
2215430,Ghost of Tsushima DIRECTOR'S CUT,34711,2961,92.14
1240440,Halo Infinite,121342,51633,70.15
1361210,"Warhammer 40,000: Darktide",65084,32216,66.89
1158160,Coral Island,15341,2094,87.99
1286830,STAR WARS™: The Old Republic™,55873,6388,89.74
2050650,Resident Evil 4,140635,3473,97.59
2646460,Soulmask,7395,2011,78.62
444090,Paladins,293301,51759,85.0
1145360,Hades,261953,4476,98.32
1868140,DAVE THE DIVER,104927,2956,97.26
1818750,MultiVersus,90124,25553,77.91
244850,Space Engineers,113216,14784,88.45
933110,Age of Empires III: Definitive Edition,36862,6741,84.54
1147690,NGU IDLE,10878,445,96.07
2161700,Persona 3 Reload,23978,1350,94.67
1063730,New World,191663,88137,68.5
435150,Divinity: Original Sin 2,173879,7396,95.92
268500,XCOM 2,81169,15037,84.37
1328670,Mass Effect™ Legendary Edition,43988,4377,90.95
262060,Darkest Dungeon®,127553,11621,91.65
1284210,Guild Wars 2,15394,1969,88.66
1468810,鬼谷八荒 Tale of Immortal,117496,105753,52.63
2012510,Stormgate,2014,1584,55.98
3590,Plants vs. Zombies: Game of the Year,126439,3149,97.57
655500,MX Bikes,20137,1299,93.94
1258080,Shop Titans,12115,3409,78.04
242760,The Forest,530219,24926,95.51
2855560,流亡黯道,342,237,59.07
1426210,It Takes Two,162789,8640,94.96
627690,Idle Champions of the Forgotten Realms,10752,3084,77.71
48700,Mount & Blade: Warband,158503,3665,97.74
1919590,NBA 2K23,31422,19120,62.17
1009850,OVR Advanced Settings,3717,255,93.58
962130,Grounded,67651,8387,88.97
1384160,GUILTY GEAR -STRIVE-,47520,4551,91.26
1942280,Brotato,75996,2149,97.25
2808930,Lust Goddess,2710,2735,49.77
1343400,RuneScape,19950,3851,83.82
2471100,Unnamed Space Idle,1557,123,92.68
380600,Fishing Planet,50202,7788,86.57
1222680,Need for Speed™ Heat,98548,19290,83.63
221380,Age of Empires II (2013),95805,4242,95.76
1149460,Icarus,28054,11470,70.98
985810,GrandChase,13798,8881,60.84
1568590,Goose Goose Duck,56736,8373,87.14
993090,Lossless Scaling,8200,1282,86.48
494840,UBOAT,15825,3315,82.68
2051620,Enlisted,4007,1345,74.87
570940,DARK SOULS™: REMASTERED,99982,9014,91.73
518790,theHunter: Call of the Wild™,143337,18699,88.46
2420110,Horizon Forbidden West™ Complete Edition,13759,1568,89.77
881100,Noita,65246,3225,95.29
1290000,PowerWash Simulator,44322,1258,97.24
1092790,Inscryption,113920,3596,96.94
1948980,大侠立志传：碧血丹心,15422,2760,84.82
601510,Yu-Gi-Oh! Duel Links,35480,6950,83.62
392160,X4: Foundations,16386,4472,78.56
4700,Total War: MEDIEVAL II - Definitive Edition,30070,1338,95.74
1169040,Necesse,11822,772,93.87
231430,Company of Heroes 2,84352,22585,78.88
1201240,BLEACH Brave Souls - 3D Action,9432,1234,88.43
1363080,Manor Lords,46685,6767,87.34
1304930,The Outlast Trials,48437,3495,93.27
335300,DARK SOULS™ II: Scholar of the First Sin,88956,16517,84.34
703080,Planet Zoo,73797,7370,90.92
1891700,Tap Ninja,6510,1105,85.49
1922560,Plants vs. Zombies™ Garden Warfare 2: Deluxe Edition,23312,2767,89.39
671860,BattleBit Remastered,119236,16075,88.12
1824220,Chivalry 2,31467,8005,79.72
782330,DOOM Eternal,176103,17268,91.07
877280,SAO Utils 2: Progressive,1366,106,92.8
2552430,KINGDOM HEARTS -HD 1.5+2.5 ReMIX-,3354,1259,72.71
208650,Batman™: Arkham Knight,110893,15524,87.72
729040,Borderlands GOTY Enhanced,17653,2838,86.15
460930,Tom Clancy's Ghost Recon® Wildlands,71608,18363,79.59
1874880,Arma Reforger,10095,4542,68.97
961200,Predecessor,8091,2674,75.16
12210,Grand Theft Auto IV: The Complete Edition,130318,29034,81.78
1465360,SnowRunner,31445,3693,89.49
644930,They Are Billions,39671,6913,85.16
728880,Overcooked! 2,58284,5955,90.73
400040,ShareX,6427,293,95.64
356190,Middle-earth™: Shadow of War™,88117,11608,88.36
203770,Crusader Kings II,65403,7130,90.17
1245620,ELDEN RING,877368,69083,92.7
1203220,NARAKA: BLADEPOINT,200682,87094,69.7
413150,Stardew Valley,734225,12620,98.3
359550,Tom Clancy's Rainbow Six Siege,1113894,199566,84.8
236390,War Thunder,414061,247839,62.6
381210,Dead by Daylight,596231,145301,80.4
289070,Sid Meier's Civilization VI,279598,44203,86.3
2195250,EA SPORTS FC™ 24,55060,42514,56.4
550,Left 4 Dead 2,859063,21945,97.5
2252570,Football Manager 2024,14292,1505,90.5
1366800,Crosshair X,17512,1455,92.3
1623730,Palworld,295519,19674,93.8
1091500,Cyberpunk 2077,628596,133043,82.5
322330,Don't Starve Together,444162,20097,95.7
294100,RimWorld,188266,3840,98.0
1449850,Yu-Gi-Oh! Master Duel,57189,18684,75.4
1599340,Lost Ark,142916,57457,71.3
2344520,Diablo® IV,19993,10357,65.9
2709570,Supermarket Together,6281,544,92.0
892970,Valheim,437942,25754,94.4
1966720,Lethal Company,411077,11157,97.4
250900,The Binding of Isaac: Rebirth,289844,7423,97.5
646570,Slay the Spire,158856,3517,97.8
2073850,THE FINALS,134689,44691,75.1
1364780,Street Fighter™ 6,39038,6310,86.1
2709440,Delta Force: Hawk Ops Alpha Test,0,0,0.0
2399830,ARK: Survival Ascended,33858,24176,58.3
629520,Soundpad,70010,2849,96.1
1248130,Farming Simulator 22,69785,6062,92.0
291550,Brawlhalla,304141,65970,82.2
281990,Stellaris,148018,20626,87.8
306130,The Elder Scrolls Online,120720,27082,81.7
2142790,Fields of Mistria,4510,73,98.4
427410,Abiotic Factor,14220,570,96.1
2349820,Hero's Land,22660,17910,55.9
1905180,OBS Studio,24491,1168,95.4
1238840,Battlefield 1 ™,135623,21169,86.5
2426960,Summoners War,4405,1705,72.1
270880,American Truck Simulator,153502,5069,96.8
2889840,Spectre Divide Playtest,0,0,0.0
1687950,Persona 5 Royal,73504,2396,96.8
232090,Killing Floor 2,107577,15146,87.7
1237970,Titanfall® 2,219471,10951,95.2
1818450,STALCRAFT: X,39795,12100,76.7
244210,Assetto Corsa,122622,10000,92.5
1551360,Forza Horizon 5,167218,22408,88.2
1466860,Age of Empires IV: Anniversary Edition,60873,9086,87.0
529340,Victoria 3,30426,15193,66.7
945360,Among Us,631803,56474,91.8
1716740,Starfield,89649,67079,57.2
1283970,YoloMouse,1737,139,92.6
714010,Aimlabs,107283,7718,93.3
1293830,Forza Horizon 4,216545,24421,89.9
2291060,EARTH DEFENSE FORCE 6,2713,2086,56.5
1144200,Ready or Not,164804,22575,88.0
367520,Hollow Knight,355001,10555,97.1
1326470,Sons Of The Forest,175051,27682,86.3
1267910,Melvor Idle,11456,1209,90.5
440900,Conan Exiles,79786,21829,78.5
1604030,V Rising,88251,11420,88.5
1118200,People Playground,252337,3505,98.6
233860,Kenshi,82598,4067,95.3
304390,For Honor,100031,43950,69.5
1794680,Vampire Survivors,230334,3498,98.5
1599600,PlateUp!,19225,899,95.5
3103840,TCG Card Shop Simulator: Prologue,758,20,97.4
2881650,Content Warning,90909,5274,94.5
444200,World of Tanks Blitz,112793,29119,79.5
899770,Last Epoch,75314,22484,77.0
1973710,ヘブンバーンズレッド,3358,500,87.0
977400,Cell to Singularity - Evolution Never Ends,19036,2082,90.1
779340,Total War: THREE KINGDOMS,72396,28358,71.9
214950,Total War: ROME II - Emperor Edition,69788,14459,82.8
264710,Subnautica,271927,8748,96.9
359320,Elite Dangerous,72531,21806,76.9
2321470,Deep Rock Galactic: Survivor,23399,4044,85.3
1282100,Remnant II,44127,8509,83.8
1677740,Stumble Guys,100613,17355,85.3
1432860,Sun Haven,16345,2719,85.7
1659040,HITMAN World of Assassination,25713,4216,85.9
239140,Dying Light,403562,20494,95.2
812140,Assassin's Creed Odyssey,140887,17189,89.1
1062090,Timberborn,24639,1309,95.0
1366540,Dyson Sphere Program,78392,1878,97.7
2325290,Sky: Children of the Light,5988,1125,84.2
2250040,Crosshair V2,4248,482,89.8
1447430,小黑盒加速器,6404,1649,79.5
2003310,Wallpaper Alive,5234,593,89.8
8500,EVE Online,25431,8950,74.0
1184370,Pathfinder: Wrath of the Righteous - Enhanced Edition,28233,5569,83.5
1145350,Hades II,43133,2492,94.5
386180,Crossout,45969,14926,75.5
1260320,Party Animals,37286,12224,75.3
1371580,Myth of Empires,11180,4953,69.3
1284190,The Planet Crafter,38104,1564,96.1
2427700,Backpack Battles,9299,1054,89.8
504230,Celeste,101736,2605,97.5
1811260,EA SPORTS™ FIFA 23,85357,65358,56.6
534380,Dying Light 2: Reloaded Edition,132234,36654,78.3
2638370,Five Nights at Freddy's: Into the Pit,5349,220,96.0
379430,Kingdom Come: Deliverance,108939,21436,83.6
2951630,Total War: PHARAOH DYNASTIES,2334,279,89.3
1407200,World of Tanks,66405,12001,84.7
1128810,RISK: Global Domination,29382,7086,80.6
1985810,Call of Duty®: Black Ops Cold War,13439,3285,80.4
602960,Barotrauma,61434,4197,93.6
1401590,Disney Dreamlight Valley,15524,1515,91.1
2186680,"Warhammer 40,000: Rogue Trader",14387,3837,78.9
471710,Rec Room,59188,6288,90.4
34330,Total War: SHOGUN 2,56273,5268,91.4
1456940,Level Zero: Extraction,929,404,69.7
2524890,Pixel Gun 3D: PC Edition,17404,10349,62.7
1677280,Company of Heroes 3,14526,12318,54.1
363970,Clicker Heroes,54362,6223,89.7
505460,Foxhole,30454,6543,82.3
400750,Call to Arms - Gates of Hell: Ostfront,14423,3115,82.2
594570,Total War: WARHAMMER II,113678,9353,92.4
2281730,Combat Master,30034,4131,87.9
568220,Lobotomy Corporation,34376,2422,93.4
1909840,JIANGHU CHRONICLES,1048,375,73.6
581320,Insurgency: Sandstorm,102971,18267,84.9
872410,ROMANCE OF THE THREE KINGDOMS XIV,8860,5533,61.6
1588010,PGA TOUR 2K23,3964,1431,73.5
2666510,Rusty's Retirement,7248,254,96.6
1229490,ULTRAKILL,120880,2623,97.9
287700,METAL GEAR SOLID V: THE PHANTOM PAIN,85025,7929,91.5
1097150,Fall Guys,387208,89289,81.3
1607250,MY HERO ULTRA RUMBLE,11581,5747,66.8
588650,Dead Cells,151233,4397,97.2
2668080,SNOWBREAK,4011,910,81.5
323190,Frostpunk,100767,8461,92.3
220200,Kerbal Space Program,116512,6064,95.1
2231380,Ghost Recon Breakpoint,16358,6464,71.7
2140330,Madden NFL 24,3697,4469,45.3
266840,Age of Mythology: Extended Edition,31724,2354,93.1
268910,Cuphead,161334,6132,96.3
1013320,Firestone: Online Idle RPG,4571,1259,78.4
632470,Disco Elysium,91304,6671,93.2
2208920,Assassin's Creed Valhalla,16756,7482,69.1
1189490,觅长生,24147,1717,93.4
1637320,Dome Keeper,11397,1014,91.8
1336980,NOBUNAGA'S AMBITION: Awakening,1513,549,73.4
219990,Grim Dawn,87769,5838,93.8
1535560,Farmer Against Potatoes Idle,5264,223,95.9
784150,Workers & Resources: Soviet Republic,16415,1596,91.1
1222690,Dragon Age™ Inquisition,12827,4320,74.8
1259420,Days Gone,80969,6228,92.9
1943950,Escape the Backrooms,73093,7309,90.9
1787090,MyDockFinder,3344,1360,71.1
2315690,WWE 2K24,3221,1305,71.2
431240,Golf With Your Friends,56530,7467,88.3
1621690,Core Keeper,30408,2588,92.2
1167630,Teardown,89993,4216,95.5
1506830,FIFA 22,97425,23645,80.5
1971870,Mortal Kombat 1,20233,9090,69.0
2963870,Metal Slug: Awakening,833,545,60.4
635260,CarX Drift Racing Online,74809,3619,95.4
620,Portal 2,398382,5251,98.7
47890,The Sims™ 3,27491,4111,87.0
1206560,WorldBox - God Simulator,33513,1886,94.7
1888160,ARMORED CORE™ VI FIRES OF RUBICON™,62654,6065,91.2
1928420,Farlight 84,36527,9953,78.6
2400510,Dungeons & Degenerate Gamblers,806,316,71.8
637090,BATTLETECH,25353,5011,83.5
1113000,Persona 4 Golden,69131,2083,97.1
10500,Total War: EMPIRE - Definitive Edition,30453,3107,90.7
1846380,Need for Speed™ Unbound,22414,15081,59.8
1286680,Tiny Tina's Wonderlands,13763,4644,74.8
1151640,Horizon Zero Dawn™ Complete Edition,104553,14138,88.1
204360,Castle Crashers,112158,4523,96.1
32470,STAR WARS™ Empire at War: Gold Pack,35829,876,97.6
282070,This War of Mine,90978,6893,93.0
2642680,Half Sword Demo,0,0,0.0
508440,Totally Accurate Battle Simulator,123720,2727,97.8
495420,State of Decay 2,45332,9458,82.7
2961880,Grocery Store Simulator,1865,100,94.9
2280,DOOM + DOOM II,19616,721,96.5
767560,War Robots,14280,8962,61.4
2591280,F1® Manager 2024,1190,600,66.5
1774580,STAR WARS Jedi: Survivor™,36369,17963,66.9
1817070,Marvel’s Spider-Man Remastered,93587,4042,95.9
544810,KARDS - The WWII Card Game,23992,7025,77.4
2384620,Out of the Park Baseball 25,468,71,86.8
1875830,Shin Megami Tensei V: Vengeance,5263,233,95.8
200210,Realm of the Mad God Exalt,38010,7677,83.2
1404210,Red Dead Online,53155,10722,83.2
2527870,Half Sword Playtest,0,0,0.0
588430,Fallout Shelter,62490,8089,88.5
1669000,Age of Wonders 4,11990,2741,81.4
552500,Warhammer: Vermintide 2,104269,18712,84.8
916440,Anno 1800,15075,3489,81.2
1546320,Your Chronicle,1288,321,80.0
2066020,Soulstone Survivors,17207,1796,90.5
493340,Planet Coaster,60952,5825,91.3
573090,Stormworks: Build and Rescue,43162,5008,89.6
305620,The Long Dark,95389,9546,90.9
1232580,Knock on the Coffin Lid,1101,170,86.6
858210,Nova Drift,11663,505,95.8
219740,Don't Starve,103886,3522,96.7
2054970,Dragon's Dogma 2,56972,38941,59.4
1859910,活俠傳,19854,5904,77.1
459820,Crush Crush,23316,2709,89.6
1056640,Phantasy Star Online 2 New Genesis,16476,6838,70.7
824270,KovaaK's,29903,2357,92.7
1041320,Lords Mobile,3648,1742,67.7
2445690,Lost Castle 2,3008,1141,72.5
719890,Beasts of Bermuda,5481,2283,70.6
2167580,Summoners War: Chronicles,8979,2539,78.0
1256670,Library Of Ruina,26169,1820,93.5
2849080,Kingdom Rush 5: Alliance TD,4286,692,86.1
1477070,Depersonalization,4183,297,93.4
1190970,House Flipper 2,6311,1576,80.0
412220,DDNet,18167,1596,91.9
613100,House Flipper,82826,5147,94.1
22330,The Elder Scrolls IV: Oblivion,44238,2087,95.5
815370,Green Hell,60492,9354,86.6
1129580,Medieval Dynasty,36409,3709,90.8
2088570,Tiny Rogues,7926,242,97.0
1119730,Ranch Simulator,22500,4679,82.8
787480,Phoenix Wright: Ace Attorney Trilogy,31174,755,97.6
665300,Stream Avatars,1922,90,95.5
379720,DOOM,184494,8841,95.4
1482520,Space Station 14 Playtest,0,0,0.0
1180320,三国杀,5310,49970,9.6
8800,Sid Meier's Civilization IV: Beyond the Sword,4084,153,96.4
361420,ASTRONEER,110093,9523,92.0
1066780,Transport Fever 2,22134,2464,90.0
786520,SAO Utils: Beta,2576,361,87.7
72850,The Elder Scrolls V: Skyrim,299875,16279,94.9
3069470,Dollar,176,11,94.1
977950,A Dance of Fire and Ice,62850,4044,94.0
2221490,Tom Clancy's The Division 2,12879,4620,73.6
312060,FINAL FANTASY XIV Online Free Trial,690,280,71.1
1068820,OVR Toolkit,2546,342,88.2
1973530,Limbus Company,29870,5592,84.2
632810,Soundpad Demo,70012,2849,96.1
805550,Assetto Corsa Competizione,32086,2678,92.3
552520,Far Cry 5,127807,30467,80.8
2484110,FINAL FANTASY VII EVER CRISIS,1142,866,56.9
1343370,Old School RuneScape,14264,1758,89.0
3910,Sid Meier's Civilization III: Complete,6045,708,89.5
1468260,Leaf Blower Revolution - Idle Game,22055,1270,94.6
447040,Watch_Dogs 2,63108,13181,82.7
1527950,Wartales,22980,2325,90.8
325610,Total War: ATTILA,27505,6092,81.9
1238860,Battlefield 4™,54030,8688,86.1
601150,Devil May Cry 5,122784,5420,95.8
784080,MechWarrior 5: Mercenaries,9590,1792,84.3
1325200,Nioh 2 – The Complete Edition,36873,4940,88.2
2289450,Idle Cave Miner,183,65,73.8
47810,Dragon Age: Origins - Ultimate Edition,21990,3144,87.5
212500,The Lord of the Rings Online™,15741,3595,81.4
883710,Resident Evil 2,154155,4841,97.0
976310,Mortal Kombat 11,87641,11778,88.2
1190000,Car Mechanic Simulator 2021,24469,1050,95.9
924970,Back 4 Blood,40550,19734,67.3
1217060,Gunfire Reborn,88833,6119,93.6
1840,Source Filmmaker,35827,2684,93.0
669330,Mechabellum,6801,1321,83.7
1686940,Bopl Battle,10958,362,96.8
365360,Battle Brothers,19815,2612,88.4
1611600,WARNO,8052,1763,82.0
312520,Rain World,30875,1983,94.0
2479810,Gray Zone Warfare,32408,16304,66.5
1084600,My Time at Sandrock,21312,2772,88.5
1797880,Lost Light,12293,9714,55.9
212680,FTL: Faster Than Light,68885,3210,95.5
1244460,Jurassic World Evolution 2,26924,3561,88.3
1069660,Ultimate Admiral: Dreadnoughts,4120,1989,67.4
2078450,"Warhammer 40,000: Speed Freeks",1382,435,76.1
211820,Starbound,151330,12394,92.4
629730,Blade & Sorcery,50664,1660,96.8
1336490,Against the Storm,24366,1228,95.2
1259970,eFootball PES 2021 SEASON UPDATE,29083,8626,77.1
1995520,Pax Dei,3186,1126,73.9
311690,Enter the Gungeon,77235,3478,95.7
1139980,Travellers Rest,9449,1179,88.9
1625450,Muck,157063,10294,93.8
2072450,Like a Dragon: Infinite Wealth,11690,1157,91.0
466170,Idling to Rule the Gods,1486,234,86.4
389430,Knight Online,5318,5314,50.0
1629520,A Little to the Left,9495,825,92.0
2488620,F1® 24,2498,1414,63.9
1449690,The Walking Dead: The Telltale Definitive Series,20889,753,96.5
787860,Farming Simulator 19,68980,4149,94.3
881020,Granblue Fantasy: Relink,35277,4266,89.2
905370,Conqueror's Blade,22459,7517,74.9
383120,Empyrion - Galactic Survival,25446,6725,79.1
1237950,STAR WARS™ Battlefront™ II,52586,7667,87.3
1353300,Idle Slayer,6178,987,86.2
3056550,Bananamana,60,42,58.8
799960,Wizard101,5912,1314,81.8
466560,Northgard,52003,7535,87.3
1812450,Bellwright,5934,1737,77.4
678950,DRAGON BALL FighterZ,63741,6665,90.5
1433140,The Texas Chain Saw Massacre,13497,5755,70.1
1627720,Lies of P,35775,2906,92.5
233450,Prison Architect,62856,7408,89.5
2420510,HoloCure - Save the Fans!,30397,227,99.3
1827180,Toram Online,3572,971,78.6
9900,Star Trek Online,15304,4076,79.0
454650,DRAGON BALL XENOVERSE 2,45100,4827,90.3
975370,Dwarf Fortress,24992,1278,95.1
736190,Chinese Parents,22173,2020,91.7
1170950,Mortal Online 2,7381,4764,60.8
1533390,Gorilla Tag,51543,5063,91.1
335240,Transformice,23836,3240,88.0
880940,Pummel Party,44889,5637,88.8
1295510,DRAGON QUEST XI S: Echoes of an Elusive Age – Definitive Edition,8107,554,93.6
2551020,One-armed robber,19945,2154,90.3
1196590,Resident Evil Village,105032,4836,95.6
1562430,DREDGE,32174,1387,95.9
582160,Assassin's Creed Origins,88988,13955,86.4
599140,Graveyard Keeper,34710,5475,86.4
2756770,Tavern Manager Simulator,491,90,84.5
1815780,Asphalt Legends Unite,8010,1878,81.0
1940340,Darkest Dungeon® II,12509,4009,75.7
1046930,Dota Underlords,74621,16119,82.2
297000,Heroes of Might & Magic III - HD Edition,16653,4434,79.0
2780980,LOCKDOWN Protocol,465,20,95.9
304050,Trove,73935,18087,80.3
2000950,Call of Duty®: Modern Warfare®,13068,3600,78.4
459160,Allods Online,522,212,71.1
704450,Neverwinter Nights: Enhanced Edition,7119,792,90.0
663090,Granado Espada,763,446,63.1
1477830,HudSight - custom crosshair overlay,3410,441,88.5
774801,Crab Champions,22291,455,98.0
1857090,Norland,3403,903,79.0
1044720,Farthest Frontier,14999,2521,85.6
17390,Spore,55909,4663,92.3
516750,My Summer Car,70854,4151,94.5
524220,NieR:Automata™,113800,17516,86.7
1029690,Sniper Elite 5,15370,3319,82.2
22370,Fallout 3 - Game of the Year Edition,38936,9266,80.8
2113850,Spirit City: Lofi Sessions,4991,146,97.2
1335200,Action Taimanin,14870,2966,83.4
1557740,ROUNDS,28979,1496,95.1
1172380,STAR WARS Jedi: Fallen Order™,130664,16561,88.8
2396240,SteamWorld Heist II,505,21,96.0
391540,Undertale,228561,7895,96.7
2892880,修仙小屋,515,105,83.1
629760,MORDHAU,89514,21782,80.4
223750,DCS World Steam Edition,28891,5037,85.2
346900,AdVenture Capitalist,50899,6917,88.0
744900,Dead Frontier 2,17773,7252,71.0
2212330,Your Only Move Is HUSTLE,23161,860,96.4
3141670,漂流佣兵 Demo,0,0,0.0
1274570,DEVOUR,69528,6667,91.3
992300,嗜血印 Bloody Spell,29675,3620,89.1
1367080,MOBILE SUIT GUNDAM BATTLE OPERATION 2,3948,14683,21.2
368260,Marvel's Midnight Suns,15833,3621,81.4
2965660,PILGRIM,942,157,85.7
1173510,XSOverlay,1121,170,86.8
1222140,Detroit: Become Human,116431,6046,95.1
1649080,Two Point Campus,4585,694,86.9
2369390,Far Cry 6,15292,5967,71.9
702320,March of Empires,1013,533,65.5
552100,Brick Rigs,40994,2556,94.1
535930,Two Point Hospital,29437,2644,91.8
1594320,Captain of Industry,5461,336,94.2
70,Half-Life,127155,4578,96.5
851850,DRAGON BALL Z: KAKAROT,47564,3389,93.3
1147560,Skul: The Hero Slayer,48349,3466,93.3
1898300,ASKA,2566,710,78.3
636480,Ravenfield,66731,2126,96.9
1714040,Super Auto Pets,29179,3024,90.6
2067920,Rogue: Genesia,4930,397,92.5
228200,Company of Heroes,14923,871,94.5
544730,Catan Universe,7180,7452,49.1
2962810,Galaxy Idle Clicker,114,24,82.6
329110,Gems of War,7801,2026,79.4
342200,MechWarrior Online,9335,2349,79.9
205100,Dishonored,77651,1875,97.6
699130,World War Z,17726,3435,83.8
1850570,DEATH STRANDING DIRECTOR'S CUT,26674,2100,92.7
2334730,Death Must Die,16085,1278,92.6
1235140,Yakuza: Like a Dragon,27866,1543,94.8
363890,RPG Maker MV,7078,692,91.1
220,Half-Life 2,193499,4798,97.6
1211020,Wobbly Life,21471,680,96.9
1809540,Nine Sols,9898,458,95.6
1465460,Infection Free Zone,7532,2675,73.8
34030,Total War: NAPOLEON - Definitive Edition,21861,2091,91.3
201810,Wolfenstein: The New Order,48737,4630,91.3
848450,Subnautica: Below Zero,81748,8164,90.9
1096900,RPG Maker MZ,1394,247,84.9
1222700,A Way Out,56997,8288,87.3
638970,Yakuza 0,65318,3018,95.6
453480,Shadowverse,10740,3798,73.9
1876890,Wandering Sword,17397,1285,93.1
628070,Romance of the Three Kingdoms XI with Power Up Kit,2949,234,92.6
2064650,Tower of Fantasy,7202,2983,70.7
2229850,Command & Conquer: Red Alert™ 2 and Yuri’s Revenge™,4314,402,91.5
1385380,Across the Obelisk,8885,1939,82.1
1062520,Dinkum,19555,1208,94.2
585420,Trailmakers,21109,1689,92.6
838350,太吾绘卷 The Scroll Of Taiwu,41167,18193,69.4
885970,Total War: ROME REMASTERED,8182,2726,75.0
403640,Dishonored 2,53273,6448,89.2
2225070,Trackmania,9375,3003,75.7
1693980,Dead Space,38067,3951,90.6
2406770,Bodycam,15900,5561,74.1
1054490,Wingspan,8540,519,94.3
753640,Outer Wilds,66868,3051,95.6
1948800,Yi Xian: The Cultivation Card Game,3904,1364,74.1
2108330,F1® 23,14329,2322,86.1
42700,Call of Duty: Black Ops,34627,3550,90.7
1399720,Antimatter Dimensions,2736,231,92.2
1690710,Incremental Epic Hero 2,723,296,71.0
1954420,麻雀一番街 - 本格麻雀ゲーム,1303,1086,54.5
475150,Titan Quest Anniversary Edition,30941,2978,91.2
244450,Men of War: Assault Squad 2,38709,3726,91.2
493520,GTFO,49177,9218,84.2
200260,Batman: Arkham City GOTY,60476,2486,96.1
433340,Slime Rancher,121010,2573,97.9
2691730,Dungeon Stalkers Playtest,0,0,0.0
1888930,The Last of Us™ Part I,40913,15577,72.4
469600,Legion TD 2,10637,1705,86.2
218230,PlanetSide 2,58423,13660,81.0
9420,Supreme Commander: Forged Alliance,12429,411,96.8
477160,Human Fall Flat,192116,10717,94.7
254700,Resident Evil 4 (2005),70163,5311,93.0
261640,Borderlands: The Pre-Sequel,32692,7467,81.4
774171,Muse Dash,99897,11813,89.4
502500,ACE COMBAT™7: SKIES UNKNOWN,36692,5095,87.8
1969870,生死狙击2,11593,8775,56.9
1462040,FINAL FANTASY VII REMAKE INTERGRADE,24960,3067,89.1
920490,Driver Booster for Steam,6814,1194,85.1
21690,Resident Evil 5,38259,5902,86.6
268850,EVGA Precision X1,3704,922,80.1
701160,Kingdom Two Crowns,23695,2258,91.3
3017120,Egg Surprise,560,207,73.0
359870,FINAL FANTASY X/X-2 HD Remaster,16525,1776,90.3
780290,Gloomhaven,11889,2323,83.7
1197260,The Perfect Tower II,2901,379,88.4
2751000,Prince of Persia The Lost Crown,499,166,75.0
1029780,Going Medieval,15507,1744,89.9
1458140,Pacific Drive,10673,2209,82.9
234140,Mad Max,69627,5988,92.1
1877960,Trimps,1036,94,91.7
492720,Tropico 6,22492,3286,87.3
1948280,Stacklands,23218,833,96.5
1397920,Mr.Mine,14432,1211,92.3
383980,Rivals of Aether,32260,1439,95.7
527230,For The King,34925,4592,88.4
2732960,Command & Conquer™ Generals Zero Hour,1855,227,89.1
418370,Resident Evil 7 Biohazard,84031,4308,95.1
1276390,Bloons TD Battles 2,25307,4961,83.6
1150690,OMORI,70458,1863,97.4
2695940,PANICORE,3326,925,78.2
992070,Idle Wizard,1248,185,87.1
1296610,Peglin,9318,2053,81.9
692890,Roboquest,17278,801,95.6
1976440,CounterSide,2491,842,74.7
9450,"Warhammer 40,000: Dawn of War - Soulstorm",15335,733,95.4
2418520,Farm Together 2,1728,218,88.8
1418630,Dread Hunger,27826,18327,60.3
670290,Real Pool 3D - Poolians,10571,3148,77.1
2739600,剑气劫,2958,1681,63.8
289650,Assassin's Creed Unity,52608,14775,78.1
610080,Realm Grinder,5917,868,87.2
1676840,For The King II,7633,3334,69.6
242050,Assassin's Creed IV Black Flag,57740,7246,88.8
834910,ATLAS,20104,22068,47.7
1127400,Mindustry,18765,831,95.8
769560,Night of the Full Moon,8178,1472,84.7
1465470,The Crust,1052,375,73.7
224260,No More Room in Hell,64398,7213,89.9
489630,"Warhammer 40,000: Gladius - Relics of War",10067,2408,80.7
386940,Ultimate Chicken Horse,41887,1838,95.8
387990,Scrap Mechanic,100316,8248,92.4
33230,Assassin's Creed II,44625,5320,89.3
2305840,Cat Quest III,1128,68,94.3
2396980,Fate/stay night REMASTERED,1230,70,94.6
1324130,Stranded: Alien Dawn,7173,1230,85.4
1566690,Outpost: Infinity Siege,7777,3848,66.9
1971650,OCTOPATH TRAVELER II,10959,533,95.4
2273430,BlazBlue Entropy Effect,20240,1243,94.2
3900,Sid Meier's Civilization IV,2914,219,93.0
55150,"Warhammer 40,000: Space Marine - Anniversary Edition",23563,2141,91.7
1097430,依盖之书 book of yog,4122,2303,64.2
934700,Dead Island 2,5873,2042,74.2
1213210,Command & Conquer™ Remastered Collection,28329,2927,90.6
1089090,ONE PIECE: PIRATE WARRIORS 4,17001,1505,91.9
363150,Romance of the Three Kingdoms XIII,4000,3074,56.5
488790,South Park The Fractured But Whole,22506,4205,84.3
391220,Rise of the Tomb Raider,119856,7661,94.0
794260,Outward,19393,7199,72.9
463530,Empires of the Undergrowth,12066,702,94.5
2080690,Sunkenland,15454,3377,82.1
1689500,Dune: Imperium,2024,89,95.8
1881700,Undawn,3288,2727,54.7
678960,CODE VEIN,46443,8113,85.1
1124300,HUMANKIND™,17138,8302,67.4
1435790,Escape Simulator,14220,889,94.1
221040,Resident Evil 6,39595,10710,78.7
470220,UNO,36006,13547,72.7
720620,TaleSpire,3906,339,92.0
1419170,My Singing Monsters,35063,2264,93.9
2140510,Town of Salem 2,5171,1695,75.3
612880,Wolfenstein II: The New Colossus,33307,8022,80.6
312660,Sniper Elite 4,51120,5028,91.0
736220,Squad 44,17076,5343,76.2
1520470,封灵档案/Soul Dossier,20509,4411,82.3
3096730,REM: The Prologue,71,7,91.0
3330,Zuma Deluxe,4301,210,95.3
65800,Dungeon Defenders,16160,1189,93.1
1683150,Railroader,1837,47,97.5
362890,Black Mesa,110526,5455,95.3
1057090,Ori and the Will of the Wisps,125163,4410,96.6
546560,Half-Life: Alyx,89137,1533,98.3
843380,Super Animal Royale,38104,2538,93.8
2835570,Buckshot Roulette,28001,1494,94.9
1042550,Digimon Story Cyber Sleuth: Complete Edition,8848,845,91.3
640820,Pathfinder: Kingmaker,25151,7086,78.0
445220,Avorion,11641,1267,90.2
1332010,Stray,139927,3902,97.3
1486350,VRoid Studio,3641,207,94.6
1118310,RetroArch,6063,677,90.0
225540,Just Cause 3,98864,19374,83.6
287450,Rise of Nations: Extended Edition,13173,751,94.6
1333350,Angel Legion: LSP Idle RPG,7482,1335,84.9
1084160,Jagged Alliance 3,10254,1190,89.6
898920,Axis & Allies 1942 Online,3391,967,77.8
1422440,Cataclismo,1918,133,93.5
1144400,Senren＊Banka,24505,241,99.0
2972990,ホロライブお宝マウンテン,224,5,97.8
109600,Neverwinter,29368,8479,77.6
221680,Rocksmith® 2014 Edition - Remastered,20391,2308,89.8
1272080,PAYDAY 3,20626,31912,39.3
2333480,RAID: Shadow Legends,755,589,56.2
799600,Cosmoteer: Starship Architect & Commander,9144,469,95.1
1644960,NBA 2K22,22537,16549,57.7
1869590,Omega Strikers,19361,3465,84.8
19680,Alice: Madness Returns,16737,1895,89.8
1451190,Undisputed,10634,4387,70.8
4760,Rome: Total War,14886,854,94.6
10090,Call of Duty: World at War,44829,3880,92.0
690790,DiRT Rally 2.0,35013,4823,87.9
1584090,东方夜雀食堂 - Touhou Mystia's Izakaya,22701,526,97.7
2593370,The Hungry Lamb: Traveling in the Late Ming Dynasty,32993,1003,97.0
620980,Beat Saber,69805,3172,95.7
1785150,Friends vs Friends,9471,1941,83.0
2276930,Chillquarium,4973,379,92.9
204880,Sins of a Solar Empire: Rebellion,14677,1064,93.2
1188930,Chrono Ark,9085,940,90.6
1180380,Stay Out,13182,8417,61.0
228380,Wreckfest,32392,4442,87.9
1049590,Eternal Return,46027,12227,79.0
351940,The Descendant,6126,792,88.6
480490,Prey,43670,4420,90.8
920210,LEGO® Star Wars™: The Skywalker Saga,39113,3843,91.1
1017900,Age of Empires: Definitive Edition,10779,2076,83.9
200510,XCOM: Enemy Unknown,51403,3078,94.4
1280930,Astral Ascent,4228,279,93.8
1645820,SurrounDead,5016,625,88.9
1238040,Dragon Age II,4257,1042,80.3
1416920,中国式网游,2159,748,74.3
1929610,Demonologist,16271,2522,86.6
1127500,Mini Motorways,18834,776,96.0
367500,Dragon's Dogma: Dark Arisen,39848,5123,88.6
389730,TEKKEN 7,75517,15275,83.2
1284410,GWENT: The Witcher Card Game,23346,5090,82.1
2816950,Yaoling: Mythical Journey,1538,162,90.5
1105420,Game of Thrones Winter is Coming,1445,943,60.5
1812820,Bitburner,5839,302,95.1
1817190,Marvel's Spider-Man: Miles Morales,33565,2450,93.2
203160,Tomb Raider,226084,9097,96.1
243470,Watch_Dogs,32747,9677,77.2
1669980,Volcano Princess,34423,763,97.8
2187220,Apollo Justice: Ace Attorney Trilogy,1875,170,91.7
349040,NARUTO SHIPPUDEN: Ultimate Ninja STORM 4,77318,7558,91.1
42960,Victoria II,17460,1439,92.4
551170,Onmyoji,2372,521,82.0
333640,Caves of Qud,7280,354,95.4
2103530,Idle Clans,571,242,70.2
280680,Krita,3797,184,95.4
213670,South Park™: The Stick of Truth™,60891,1498,97.6
774361,Blasphemous,40193,4361,90.2
2725560,Idle Fishing,349,105,76.9
242920,Banished,37445,3996,90.4
1367550,Kingdom Rush Vengeance,8088,447,94.8
1449560,Metro Exodus Enhanced Edition,96328,11296,89.5
251060,Wargame: Red Dragon,16521,2013,89.1
388080,Borderless Gaming,3088,582,84.1
666140,My Time at Portia,39008,3430,91.9
2194530,Yog-Sothoth's Yard,7974,474,94.4
2157560,Granblue Fantasy Versus: Rising,3273,769,81.0
2897580,Idle Hero TD,200,61,76.6
314160,Microsoft Flight Simulator X: Steam Edition,21459,3413,86.3
2742140,修真大陆,223,65,77.4
2989820,Pocket Waifu: Desktop Pet,207,2,99.0
955900,Amazing Cultivation Simulator,19212,3191,85.8
2138610,The Legend of Heroes: Trails through Daybreak,459,35,92.9
2138710,Sifu,13485,1068,92.7
500,Left 4 Dead,55067,2107,96.3
2963880,Murky Divers,1578,208,88.4
292730,Call of Duty: Infinite Warfare,16145,11250,58.9
1296830,暖雪 Warm Snow,32495,2460,93.0
2552450,KINGDOM HEARTS III + Re Mind (DLC),667,57,92.1
22320,The Elder Scrolls III: Morrowind,23421,1136,95.4
464920,Surviving Mars,21783,3912,84.8
2698780,ContractVille,1120,301,78.8
209000,Batman™: Arkham Origins,45434,5625,89.0
603850,Age of History II,37703,4445,89.5
1062810,Inkbound,2796,326,89.6
858820,Tribes of Midgard,16565,5059,76.6
1721470,Poppy Playtime,63868,13058,83.0
35140,Batman: Arkham Asylum GOTY Edition,63237,2448,96.3
2622000,Astral Party,5844,5373,52.1
246420,Kingdom Rush,13197,368,97.3
1007040,EARTH DEFENSE FORCE 5,9647,549,94.6
438040,Shakes and Fidget,33757,2659,92.7
2459550,Emberward,1018,41,96.1
750920,Shadow of the Tomb Raider,61794,11734,84.0
371970,Barony,7524,634,92.2
1318690,shapez,11566,429,96.4
1377580,Soulworker,7444,2779,72.8
2069310,RealFlight Evolution,586,92,86.4
502520,Ultimate General: Civil War,6836,814,89.4
2132850,Rabbit and Steel,5760,163,97.2
1241100,POLYGON,23342,7947,74.6
1176470,Terra Invicta,4615,1125,80.4
1827980,Idle Spiral,1319,291,81.9
269950,X-Plane 11,16625,1298,92.8
1352080,SMASH LEGENDS,5906,2563,69.7
2440510,Forza Motorsport,3207,4426,42.0
400,Portal,160658,2498,98.5
2366980,Thank Goodness You're Here!,1797,51,97.2
40970,Stronghold Crusader HD,17770,441,97.6
214490,Alien: Isolation,51548,3858,93.0
241930,Middle-earth™: Shadow of Mordor™,79652,6599,92.3
1537830,Disney Speedstorm,4264,2069,67.3
897330,Coloring Pixels,7008,264,96.4
1593350,Increlution,890,120,88.1
2231450,Pizza Tower,59454,931,98.5
393080,Call of Duty: Modern Warfare Remastered (2017),7008,6548,51.7
16900,GROUND BRANCH,17456,2026,89.6
412020,Metro Exodus,96328,11296,89.5
298110,Far Cry 4,46093,8829,83.9
205710,EverQuest Free-to-Play,1754,439,80.0
249130,LEGO® MARVEL Super Heroes,22219,1150,95.1
3056370,Honey Peach Clicker,34,31,52.3
800270,Terraforming Mars,4378,1773,71.2
2336220,Feed The Cups,3061,8988,25.4
2767520,LurkBait Twitch Fishing,204,2,99.0
2840770,Avatar: Frontiers of Pandora,624,378,62.3
571740,Golf It!,25043,2612,90.6
24200,DC Universe Online,16492,3962,80.6
2396910,吞食天地2：誕生,220,232,48.7
859580,Imperator: Rome,16595,9256,64.2
1708850,Drug Dealer Simulator 2,2505,954,72.4
1097840,Gears 5,15654,6718,70.0
1102190,Monster Train,19447,785,96.1
2203070,Dragonheir: Silent Gods,1487,986,60.1
208580,STAR WARS™ Knights of the Old Republic™ II: The Sith Lords™,21814,1488,93.6
293760,Automation - The Car Company Tycoon Game,11333,871,92.9
698780,Doki Doki Literature Club,194473,7060,96.5
751780,Forager,35307,3889,90.1
777130,Blush Blush,5924,849,87.5
1162750,Songs of Syx,4747,169,96.6
392110,ENDLESS™ Space 2,18005,3577,83.4
1279510,Screw Drivers,1660,249,87.0
2239150,Thronefall,14229,461,96.9
458710,Kingdom Rush Frontiers,8261,275,96.8
784950,Conflict of Nations: World War 3,3589,1017,77.9
3016800,Mecha BREAK Playtest,0,0,0.0
674940,Stick Fight: The Game,111688,7581,93.6
223710,Cry of Fear,57742,7586,88.4
105450,Age of Empires® III (2007),28884,2884,90.9
397900,Business Tour - Online Multiplayer Board Game,44672,28829,60.8
273110,Counter-Strike Nexon: Studio,27847,14113,66.4
327030,Worms W.M.D,9927,1730,85.2
960170,DJMAX RESPECT V,23310,2961,88.7
986130,Shadows of Doubt,10376,1068,90.7
1017180,The Long Drive,33574,3441,90.7
1583320,Pro Soccer Online,18622,1994,90.3
2244130,Ratopia,2249,307,88.0
872200,Rogue Company,18330,6265,74.5
2764370,星之翼（Starward）,635,313,67.0
1238000,Mass Effect™: Andromeda,11153,3639,75.4
2701510,奕剑江湖,260,45,85.2
307690,Sleeping Dogs: Definitive Edition,58622,4171,93.4
997010,Police Simulator: Patrol Officers,13584,3489,79.6
409710,BioShock Remastered,43940,10154,81.2
1437830,三国群英传2,1476,98,93.8
972660,Spiritfarer®: Farewell Edition,37226,1736,95.5
1898830,VBridger,67,21,76.1
2933080,Crime Boss: Rockay City,3202,1185,73.0
223850,3DMark,15479,1055,93.6
780310,The Riftbreaker,15166,1631,90.3
1957780,Ghosts Of Tabor,6378,1691,79.0
1243830,Overcooked! All You Can Eat,3485,1264,73.4
2854160,"INAZUMA ELEVEN: Victory Road Worldwide Beta Test Demo ""Leave Your Inazuma Mark on the World!""",0,0,0.0
17480,Command & Conquer™ Red Alert™ 3,11963,2061,85.3
2218750,Halls of Torment,21459,860,96.1
1262240,Plants vs. Zombies: Battle for Neighborville,11224,4564,71.1
2875140,失业了，我获得了亿万游戏财产！,965,121,88.9
78000,Bejeweled 3,6388,264,96.0
228280,Baldur's Gate: Enhanced Edition,14233,1219,92.1
952060,Resident Evil 3,68022,15941,81.0
637650,FINAL FANTASY XV WINDOWS EDITION,41825,8584,83.0
2864890,Magic Research 2,256,13,95.2
1266630,懒人修仙传2,594,189,75.9
512900,Streets of Rogue,20119,808,96.1
12120,Grand Theft Auto: San Andreas,75215,6544,92.0
2772560,Supermarket Simulator: Prologue,2546,158,94.2
1262580,Need for Speed™ Payback,22820,3807,85.7
1316680,VLADiK BRUTAL,3216,410,88.7
2627540,へなぽらんど,52,12,81.2
418530,Spelunky 2,17859,1337,93.0
1611910,"Warhammer 40,000: Chaos Gate - Daemonhunters",9141,2627,77.7
1371980,No Rest for the Wicked,23745,6952,77.4
2739990,Mahjong Soul,755,71,91.4
2654540,無休仙途,195,57,77.4
1106840,Hydroneer,19536,2871,87.2
1970580,Backpack Hero,6113,790,88.6
3107070,THE JOY OF CREATION Demo,0,0,0.0
1164940,Trepang2,9048,612,93.7
937310,Infinitode 2,2942,258,91.9
1606180,下一站江湖Ⅱ,4005,1514,72.6
404790,Godot Engine,4604,177,96.3
760160,Vampire: The Masquerade - Bloodhunt,41858,13587,75.5
1677350,EA SPORTS™ PGA TOUR™,943,863,52.2
394690,Tower Unite,17836,1961,90.1
979110,Space Haven,7168,1102,86.7
677620,Splitgate,102107,9460,91.5
1817230,Hi-Fi RUSH,30306,815,97.4
220240,Far Cry® 3,92305,10654,89.7
373420,Divinity: Original Sin Enhanced Edition,24170,2695,90.0
1173370,Slapshot: Rebound,8779,1793,83.0
253710,theHunter Classic,23899,17686,57.5
1276760,DRAGON BALL: THE BREAKERS,2920,2625,52.7
1288320,Way of the Hunter,5947,1646,78.3
1659420,UNCHARTED™: Legacy of Thieves Collection,20469,2331,89.8
2826180,ChillPulse,1339,68,95.2
202990,Call of Duty: Black Ops II - Multiplayer,39210,6253,86.2
2014780,X-Plane 12,2657,584,82.0
646910,The Crew 2,57767,13859,80.7
2064870,Deceit 2,2229,1594,58.3
1254120,Bless Unleashed,16057,14539,52.5
236110,Dungeon Defenders II,16616,4820,77.5
1149620,Gas Station Simulator,20094,2741,88.0
1364390,Animaze,2024,965,67.7
489520,Minion Masters,57476,6633,89.7
569480,Kingdoms and Castles,26300,1909,93.2
707010,Will To Live Online,11818,5005,70.2
667970,VTOL VR,16626,329,98.1
870780,Control Ultimate Edition,40117,5763,87.4
360430,Mafia III: Definitive Edition,29343,21714,57.5
2484250,ASTRA: Knights of Veda,1755,2348,42.8
704850,Thief Simulator,27749,3737,88.1
728530,SD GUNDAM G GENERATION CROSS RAYS,6348,1107,85.2
1268750,Starship Troopers: Extermination,23783,4236,84.9
354290,LoveBeat,1170,380,75.5
1657630,Slime Rancher 2,27004,1619,94.3
24810,Command & Conquer 3: Kane's Wrath™,4216,218,95.1
1066890,Automobilista 2,8168,688,92.2
1096530,Solasta: Crown of the Magister,16731,2390,87.5
2103140,Magicraft,5937,722,89.2
983380,Car Manufacture,413,106,79.6
257350,Baldur's Gate II: Enhanced Edition,8620,762,91.9
458750,FireAlpaca SE,416,39,91.4
617290,Remnant: From the Ashes,43299,7798,84.7
8870,BioShock Infinite,128933,8533,93.8
24780,SimCity 4 Deluxe,7034,1582,81.6
268650,From The Depths,9745,1103,89.8
337410,Karos,657,324,67.0
1158850,The Great Ace Attorney Chronicles,6556,400,94.2
1672970,Minecraft Dungeons,10946,1044,91.3
2362300,Train Sim World® 4,2603,693,79.0
763890,Wildermyth,15979,851,94.9
983870,FOUNDRY,1476,292,83.5
1974050,Torchlight: Infinite,8797,3693,70.4
