app_id,genres,Nome
730,"Action, Free To Play",Counter-Strike 2
2923300,"Adventure, Casual, Simulation, Strategy, Free To Play",Banana
570,"Action, Strategy, Free To Play",Dota 2
578080,"Action, Adventure, Massively Multiplayer, Free To Play",PUBG: BATTLEGROUNDS
1172470,"Action, Adventure, Free To Play",Apex Legends
2139460,"Action, Adventure, RPG, Simulation, Strategy, Free To Play",Once Human
1245620,"Action, RPG",ELDEN RING
271590,"Action, Adventure",Grand Theft Auto V
1938090,Action,Call of Duty®
1203220,"Action, Adventure, Massively Multiplayer",NARAKA: BLADEPOINT
1086940,"Adventure, RPG, Strategy",Baldur's Gate 3
431960,"Casual, Indie, Animation & Modeling, Design & Illustration, Photo Editing, Utilities",Wallpaper Engine
413150,"Indie, RPG, Simulation",Stardew Valley
252490,"Action, Adventure, Indie, Massively Multiplayer, RPG",Rust
238960,"Action, Adventure, Indie, Massively Multiplayer, RPG, Free To Play",Path of Exile
359550,Action,Tom Clancy's Rainbow Six Siege
251570,"Action, Adventure, Indie, RPG, Simulation, Strategy",7 Days to Die
440,"Action, Free To Play",Team Fortress 2
2074920,"Action, Adventure, RPG, Free To Play",The First Descendant
236390,"Action, Massively Multiplayer, Simulation, Free To Play",War Thunder
1085660,"Action, Adventure, Free To Play",Destiny 2
381210,Action,Dead by Daylight
230410,"Action, RPG, Free To Play",Warframe
39210,"Massively Multiplayer, RPG",FINAL FANTASY XIV Online
289070,Strategy,Sid Meier's Civilization VI
553850,Action,HELLDIVERS™ 2
2357570,"Action, Free To Play",Overwatch® 2
2195250,"Simulation, Sports",EA SPORTS FC™ 24
438100,"Adventure, Casual, Massively Multiplayer, Simulation, Sports, Free To Play, Early Access",VRChat
105600,"Action, Adventure, Indie, RPG",Terraria
550,Action,Left 4 Dead 2
1222670,"Adventure, Casual, Simulation, Free To Play",The Sims™ 4
436150,"Casual, Massively Multiplayer, Simulation, Free To Play",Governor of Poker 3
2252570,"Simulation, Sports, Strategy",Football Manager 2024
582010,Action,Monster Hunter: World
394360,"Simulation, Strategy",Hearts of Iron IV
1281930,"Action, Adventure, Indie, RPG, Free To Play",tModLoader
1366800,"Action, Adventure, Indie, Animation & Modeling, Design & Illustration, Education, Photo Editing, Utilities, Game Development",Crosshair X
221100,"Action, Adventure, Massively Multiplayer",DayZ
108600,"Indie, RPG, Simulation, Early Access",Project Zomboid
1623730,"Action, Adventure, Indie, RPG, Early Access",Palworld
1174180,"Action, Adventure",Red Dead Redemption 2
1091500,RPG,Cyberpunk 2077
3132990,"Free To Play, Utilities",Black Myth: Wukong Benchmark Tool
489830,RPG,The Elder Scrolls V: Skyrim Special Edition
322330,"Action, Adventure, Indie, RPG, Simulation, Strategy",Don't Starve Together
304930,"Action, Adventure, Casual, Indie, Free To Play",Unturned
294100,"Indie, Simulation, Strategy",RimWorld
377160,RPG,Fallout 4
346110,"Action, Adventure, Indie, Massively Multiplayer, RPG",ARK: Survival Evolved
1449850,"Simulation, Strategy, Free To Play",Yu-Gi-Oh! Master Duel
252950,"Action, Indie, Racing, Sports",Rocket League
1782210,"Action, Casual, Free To Play, Indie, Racing",Crab Game
1599340,"Action, Adventure, Massively Multiplayer, RPG, Free To Play",Lost Ark
2016590,"Action, RPG, Free To Play, Early Access",Dark and Darker
2344520,"Action, RPG",Diablo® IV
739630,"Action, Indie, Early Access",Phasmophobia
4000,"Casual, Indie, Simulation",Garry's Mod
1623660,"Action, Adventure, Massively Multiplayer, RPG, Free To Play",MIR4
2709570,"Casual, Indie, Simulation, Free To Play",Supermarket Together
275850,"Action, Adventure",No Man's Sky
2977660,"Action, Casual, Indie, Simulation, Free To Play",Cats
892970,"Action, Adventure, Indie, RPG, Early Access",Valheim
960090,Strategy,Bloons TD 6
1142710,"Action, Strategy",Total War: WARHAMMER III
261550,"Action, Indie, RPG, Simulation, Strategy",Mount & Blade II: Bannerlord
1966720,"Action, Adventure, Indie, Early Access",Lethal Company
813780,Strategy,Age of Empires II: Definitive Edition
250900,Action,The Binding of Isaac: Rebirth
1238810,Action,Battlefield™ V
548430,Action,Deep Rock Galactic
646570,"Indie, Strategy",Slay the Spire
1158310,"RPG, Simulation, Strategy",Crusader Kings III
8930,Strategy,Sid Meier's Civilization V
2448970,"Action, Adventure, RPG, Strategy, Free To Play, Early Access",Dungeonborne
2073850,"Action, Free To Play",THE FINALS
1454400,"Casual, Indie, Simulation, Strategy",Cookie Clicker
1364780,"Action, Adventure",Street Fighter™ 6
2709440,"Action, Adventure, Massively Multiplayer, Free To Play",Delta Force: Hawk Ops Alpha Test
322170,"Action, Indie",Geometry Dash
311210,"Action, Adventure",Call of Duty: Black Ops III
2399830,"Action, Adventure, Indie, Massively Multiplayer, RPG, Early Access",ARK: Survival Ascended
1313140,"Action, Adventure, Indie, Strategy",Cult of the Lamb
582660,"Action, Adventure, Massively Multiplayer, RPG, Simulation, Strategy",Black Desert
629520,"Audio Production, Utilities",Soundpad
1151340,RPG,Fallout 76
386360,"Action, Adventure, Casual, Massively Multiplayer, RPG, Strategy, Free To Play",SMITE
1248130,Simulation,Farming Simulator 22
227300,"Indie, Simulation",Euro Truck Simulator 2
513710,"Action, Adventure, Indie, Massively Multiplayer, Early Access",SCUM
291550,"Action, Indie, Free To Play",Brawlhalla
427520,"Casual, Indie, Simulation, Strategy",Factorio
281990,"Simulation, Strategy",Stellaris
236850,"Simulation, Strategy",Europa Universalis IV
284160,"Racing, Simulation, Early Access",BeamNG.drive
306130,"Action, Adventure, Massively Multiplayer, RPG",The Elder Scrolls Online
292030,RPG,The Witcher 3: Wild Hunt
397540,"Action, RPG",Borderlands 3
2142790,"Indie, RPG, Simulation, Early Access",Fields of Mistria
1517290,"Action, Adventure, Casual",Battlefield™ 2042
2338770,"Simulation, Sports",NBA 2K24
427410,"Action, Adventure, RPG, Simulation, Early Access",Abiotic Factor
632360,"Action, Indie",Risk of Rain 2
216150,"Action, Adventure, Casual, Massively Multiplayer, RPG, Free To Play",MapleStory
2349820,"Action, Adventure, Massively Multiplayer, RPG, Free To Play",Hero's Land
240,Action,Counter-Strike: Source
1905180,"Utilities, Video Production",OBS Studio
107410,"Action, Simulation, Strategy",Arma 3
1172620,"Action, Adventure",Sea of Thieves
1238840,"Action, Massively Multiplayer",Battlefield 1 ™
457140,"Indie, Simulation",Oxygen Not Included
1920960,"Casual, Indie, RPG, Simulation, Free To Play",VPet
2426960,"RPG, Strategy, Free To Play",Summoners War
3076520,"Action, Adventure, Casual, Indie, RPG, Simulation, Sports, Strategy, Free To Play",Dog
393380,"Action, Indie, Massively Multiplayer, Strategy",Squad
270880,"Indie, Simulation",American Truck Simulator
2379780,"Casual, Indie, Strategy",Balatro
1446780,Action,MONSTER HUNTER RISE
2889840,Action,Spectre Divide Playtest
1476970,"Casual, Indie, Massively Multiplayer, RPG, Simulation, Free To Play, Early Access",Legends of Idleon MMO
1325860,"Indie, Animation & Modeling, Video Production",VTube Studio
1687950,RPG,Persona 5 Royal
761890,"Massively Multiplayer, RPG, Free To Play",Albion Online
232090,Action,Killing Floor 2
255710,"Simulation, Strategy",Cities: Skylines
2141910,"Strategy, Free To Play",Magic: The Gathering Arena
1237970,Action,Titanfall® 2
218620,"Action, RPG",PAYDAY 2
766570,"Adventure, Casual, Massively Multiplayer, RPG, Simulation, Sports, Free To Play",Russian Fishing 4
2670630,"Casual, Indie, Simulation, Early Access",Supermarket Simulator
1818450,"Action, Adventure, Massively Multiplayer, RPG",STALCRAFT: X
814380,"Action, Adventure",Sekiro™: Shadows Die Twice
244210,"Indie, Racing, Simulation, Sports",Assetto Corsa
2707930,"Adventure, Casual, Indie, RPG, Simulation, Free To Play",Palia
286160,"Casual, Indie, RPG, Simulation, Strategy",Tabletop Simulator
1551360,"Action, Adventure, Racing, Simulation, Sports",Forza Horizon 5
1778820,Action,TEKKEN 8
365670,"Animation & Modeling, Design & Illustration, Video Production",Blender
1466860,Strategy,Age of Empires IV: Anniversary Edition
526870,"Adventure, Indie, Simulation, Strategy, Early Access",Satisfactory
3047030,"Casual, Indie, Simulation, Strategy, Free To Play",Tapple
529340,"Simulation, Strategy",Victoria 3
49520,"Action, RPG",Borderlands 2
2526380,"RPG, Strategy, Free To Play",Sword of Convallaria
945360,Casual,Among Us
1665460,"Simulation, Sports, Free To Play",eFootball™ 2024
1716740,RPG,Starfield
1812620,Utilities,DSX
1283970,"Animation & Modeling, Design & Illustration, Education, Software Training, Utilities",YoloMouse
2567870,"Adventure, Casual, Indie, Simulation",Chained Together
949230,Simulation,Cities: Skylines II
714010,"Action, Adventure, Casual, Indie, Simulation, Free To Play",Aimlabs
552990,"Action, Massively Multiplayer, Simulation, Free To Play",World of Warships
1293830,Racing,Forza Horizon 4
376210,"Action, Adventure, Indie, Massively Multiplayer, Simulation, Early Access",The Isle
10,Action,Counter-Strike
2291060,Action,EARTH DEFENSE FORCE 6
1203620,"Action, Adventure, RPG, Early Access",Enshrouded
1144200,"Action, Adventure, Indie",Ready or Not
1997040,"Casual, Strategy, Free To Play",MARVEL SNAP
367520,"Action, Adventure, Indie",Hollow Knight
1593500,"Action, Adventure, RPG",God of War
686810,"Action, Indie, Massively Multiplayer, Simulation, Strategy",Hell Let Loose
1326470,"Action, Adventure, Indie, Simulation",Sons Of The Forest
990080,"Action, Adventure, RPG",Hogwarts Legacy
976730,Action,Halo: The Master Chief Collection
22380,"Action, RPG",Fallout: New Vegas
1267910,"Adventure, Casual, Indie, RPG",Melvor Idle
374320,Action,DARK SOULS™ III
1250410,Simulation,Microsoft Flight Simulator
440900,"Action, Adventure, Massively Multiplayer, RPG, Simulation, Strategy",Conan Exiles
1604030,"Action, Adventure, Massively Multiplayer",V Rising
431730,"Animation & Modeling, Design & Illustration, Game Development",Aseprite
648800,"Adventure, Indie, Simulation",Raft
1118200,"Action, Casual, Indie, Simulation",People Playground
700330,"Action, Free To Play",SCP: Secret Laboratory
2215430,"Action, Adventure",Ghost of Tsushima DIRECTOR'S CUT
233860,"Action, Indie, RPG, Simulation, Strategy",Kenshi
1240440,"Action, Free To Play",Halo Infinite
304390,Action,For Honor
1361210,"Action, Adventure, Indie","Warhammer 40,000: Darktide"
1158160,"Adventure, Casual, Indie, RPG, Simulation, Strategy",Coral Island
1794680,"Action, Casual, Indie, RPG",Vampire Survivors
1286830,"Massively Multiplayer, RPG, Free To Play",STAR WARS™: The Old Republic™
1599600,"Action, Casual, Indie, Strategy",PlateUp!
2050650,"Action, Adventure",Resident Evil 4
2646460,"Adventure, Indie, Massively Multiplayer, RPG, Simulation, Early Access",Soulmask
3103840,"Simulation, Free To Play",TCG Card Shop Simulator: Prologue
444090,"Action, Adventure, Massively Multiplayer, Strategy, Free To Play",Paladins
2881650,"Action, Adventure, Indie",Content Warning
1145360,"Action, Indie, RPG",Hades
1868140,"Adventure, Casual, RPG, Simulation",DAVE THE DIVER
1818750,"Action, Free To Play",MultiVersus
444200,"Action, Massively Multiplayer, Simulation, Strategy, Free To Play",World of Tanks Blitz
244850,"Action, Indie, Simulation, Strategy",Space Engineers
899770,"Action, Adventure, Indie, RPG",Last Epoch
933110,"Free To Play, Strategy",Age of Empires III: Definitive Edition
1147690,"Adventure, Indie, Simulation, Free To Play",NGU IDLE
1973710,"Adventure, RPG, Free To Play",ヘブンバーンズレッド
2161700,"Adventure, RPG, Strategy",Persona 3 Reload
1063730,"Action, Adventure, Massively Multiplayer, RPG",New World
977400,"Casual, Simulation, Free To Play",Cell to Singularity - Evolution Never Ends
435150,"Adventure, RPG, Strategy",Divinity: Original Sin 2
779340,"Action, Strategy",Total War: THREE KINGDOMS
268500,Strategy,XCOM 2
1328670,"Action, RPG",Mass Effect™ Legendary Edition
214950,Strategy,Total War: ROME II - Emperor Edition
262060,"Indie, RPG, Strategy",Darkest Dungeon®
1284210,"Adventure, Massively Multiplayer, RPG, Free To Play",Guild Wars 2
1468810,"Action, Adventure, Indie, RPG, Simulation",鬼谷八荒 Tale of Immortal
264710,"Adventure, Indie",Subnautica
2012510,"Action, Strategy, Free To Play, Early Access",Stormgate
359320,"Action, Adventure, Massively Multiplayer, RPG, Simulation, Strategy",Elite Dangerous
3590,Strategy,Plants vs. Zombies: Game of the Year
655500,"Racing, Simulation, Sports, Early Access",MX Bikes
2321470,"Action, Early Access",Deep Rock Galactic: Survivor
1258080,"Adventure, Casual, RPG, Simulation, Free To Play",Shop Titans
1282100,"Action, Adventure, RPG",Remnant II
242760,"Action, Adventure, Indie, Simulation",The Forest
1677740,"Action, Casual, Indie, Massively Multiplayer, Free To Play",Stumble Guys
1426210,"Action, Adventure",It Takes Two
627690,"Action, Adventure, Indie, Strategy, Free To Play",Idle Champions of the Forgotten Realms
1432860,"Adventure, Casual, Indie, RPG, Simulation",Sun Haven
48700,"Action, RPG",Mount & Blade: Warband
1919590,"Simulation, Sports",NBA 2K23
1659040,"Action, Adventure",HITMAN World of Assassination
1009850,Utilities,OVR Advanced Settings
239140,"Action, RPG",Dying Light
962130,"Action, Adventure",Grounded
1384160,Action,GUILTY GEAR -STRIVE-
812140,"Action, Adventure, RPG",Assassin's Creed Odyssey
1942280,"Action, Casual, Indie, RPG",Brotato
1062090,"Indie, Simulation, Strategy, Early Access",Timberborn
1343400,"Massively Multiplayer, RPG, Free To Play",RuneScape
1366540,"Indie, Simulation, Strategy, Early Access",Dyson Sphere Program
2471100,"Casual, Simulation, Free To Play, Early Access",Unnamed Space Idle
380600,"Massively Multiplayer, Simulation, Sports, Free To Play",Fishing Planet
1222680,"Action, Adventure, Racing, Sports",Need for Speed™ Heat
221380,Strategy,Age of Empires II (2013)
1149460,"Action, Adventure, Simulation",Icarus
2325290,"Adventure, Casual, Indie, Massively Multiplayer, RPG, Free To Play, Early Access",Sky: Children of the Light
985810,"Action, Casual, Free To Play",GrandChase
2250040,Utilities,Crosshair V2
1568590,"Casual, Indie, Massively Multiplayer, Strategy, Free To Play",Goose Goose Duck
1447430,"Software Training, Web Publishing, Game Development",小黑盒加速器
993090,Utilities,Lossless Scaling
494840,"Action, Indie, RPG, Simulation, Strategy",UBOAT
2003310,"Casual, Free To Play, Design & Illustration, Utilities",Wallpaper Alive
2051620,"Action, Massively Multiplayer, Free To Play",Enlisted
570940,Action,DARK SOULS™: REMASTERED
8500,"Action, Massively Multiplayer, RPG, Strategy, Free To Play",EVE Online
518790,"Adventure, Simulation, Sports",theHunter: Call of the Wild™
2420110,"Action, RPG",Horizon Forbidden West™ Complete Edition
1184370,"Adventure, Indie, RPG, Strategy",Pathfinder: Wrath of the Righteous - Enhanced Edition
881100,"Action, Adventure, Indie, RPG, Simulation",Noita
1145350,"Action, Indie, RPG, Early Access",Hades II
1290000,"Casual, Indie, Simulation",PowerWash Simulator
1092790,"Adventure, Indie, Strategy",Inscryption
386180,"Action, Adventure, Massively Multiplayer, Racing, Free To Play",Crossout
1948980,"Adventure, Indie, RPG, Simulation",大侠立志传：碧血丹心
601510,"Strategy, Free To Play",Yu-Gi-Oh! Duel Links
392160,"Action, Simulation, Strategy",X4: Foundations
4700,Strategy,Total War: MEDIEVAL II - Definitive Edition
1260320,"Action, Casual, Indie",Party Animals
1169040,"Action, Adventure, Indie, RPG, Early Access",Necesse
1371580,"Action, Adventure, Indie, Massively Multiplayer, RPG",Myth of Empires
231430,Strategy,Company of Heroes 2
1201240,"Action, Casual, RPG, Free To Play",BLEACH Brave Souls - 3D Action
1284190,Adventure,The Planet Crafter
1363080,"Simulation, Strategy, Early Access",Manor Lords
1304930,"Action, Adventure, Indie",The Outlast Trials
2427700,"Strategy, Early Access",Backpack Battles
335300,"Action, RPG",DARK SOULS™ II: Scholar of the First Sin
504230,"Action, Adventure, Indie",Celeste
703080,"Casual, Simulation, Strategy",Planet Zoo
1891700,"Action, Casual, Indie, RPG, Free To Play",Tap Ninja
1811260,"Simulation, Sports",EA SPORTS™ FIFA 23
1922560,"Action, Casual, Strategy",Plants vs. Zombies™ Garden Warfare 2: Deluxe Edition
671860,"Action, Massively Multiplayer, Early Access",BattleBit Remastered
534380,"Action, Adventure, RPG",Dying Light 2: Reloaded Edition
1824220,"Action, Massively Multiplayer",Chivalry 2
2638370,"Action, Adventure, Indie",Five Nights at Freddy's: Into the Pit
782330,Action,DOOM Eternal
877280,Utilities,SAO Utils 2: Progressive
379430,"Action, Adventure, RPG",Kingdom Come: Deliverance
2552430,"Action, Adventure, RPG",KINGDOM HEARTS -HD 1.5+2.5 ReMIX-
2951630,"Action, Strategy",Total War: PHARAOH DYNASTIES
208650,"Action, Adventure",Batman™: Arkham Knight
729040,"Action, RPG",Borderlands GOTY Enhanced
1407200,"Action, Massively Multiplayer, Simulation, Free To Play",World of Tanks
460930,"Action, Adventure",Tom Clancy's Ghost Recon® Wildlands
1874880,"Action, Simulation, Strategy",Arma Reforger
1128810,"Casual, Strategy, Free To Play",RISK: Global Domination
961200,"Action, Strategy, Free To Play, Early Access",Predecessor
1985810,Action,Call of Duty®: Black Ops Cold War
12210,"Action, Adventure",Grand Theft Auto IV: The Complete Edition
1465360,"Adventure, Simulation",SnowRunner
602960,"Action, Indie, Simulation, Strategy",Barotrauma
644930,Strategy,They Are Billions
1401590,"Action, Adventure, Casual, RPG, Simulation",Disney Dreamlight Valley
728880,"Action, Casual, Indie",Overcooked! 2
400040,"Free To Play, Audio Production, Design & Illustration, Photo Editing, Utilities, Video Production, Web Publishing",ShareX
2186680,"Adventure, Indie, RPG, Strategy","Warhammer 40,000: Rogue Trader"
356190,"Action, Adventure, RPG",Middle-earth™: Shadow of War™
203770,"RPG, Simulation, Strategy, Free To Play",Crusader Kings II
471710,"Adventure, Casual, Massively Multiplayer, Free To Play",Rec Room
34330,Strategy,Total War: SHOGUN 2
1456940,"Action, Adventure, Indie, Massively Multiplayer, Simulation, Early Access",Level Zero: Extraction
2524890,"Action, Adventure, Massively Multiplayer, Free To Play",Pixel Gun 3D: PC Edition
1677280,"Action, Strategy",Company of Heroes 3
363970,"Adventure, Casual, Indie, RPG, Simulation, Strategy, Free To Play",Clicker Heroes
505460,"Action, Indie, Massively Multiplayer, RPG, Strategy",Foxhole
400750,"Action, Simulation, Strategy",Call to Arms - Gates of Hell: Ostfront
594570,"Action, Strategy",Total War: WARHAMMER II
2281730,"Action, Free To Play",Combat Master
568220,"Indie, Simulation",Lobotomy Corporation
1909840,"Action, Adventure, Indie, Simulation, Early Access",JIANGHU CHRONICLES
581320,Action,Insurgency: Sandstorm
872410,Simulation,ROMANCE OF THE THREE KINGDOMS XIV
1588010,"RPG, Simulation, Sports",PGA TOUR 2K23
2666510,"Casual, Indie, Simulation, Strategy",Rusty's Retirement
1229490,"Action, Indie, Early Access",ULTRAKILL
287700,"Action, Adventure",METAL GEAR SOLID V: THE PHANTOM PAIN
1097150,"Action, Casual, Indie, Massively Multiplayer, Sports",Fall Guys
1607250,"Action, Casual, Free To Play",MY HERO ULTRA RUMBLE
588650,"Action, Adventure, Indie",Dead Cells
2668080,"Action, Adventure, RPG",SNOWBREAK
323190,"Simulation, Strategy",Frostpunk
220200,"Indie, Simulation",Kerbal Space Program
2231380,"Action, Adventure",Ghost Recon Breakpoint
2140330,"Simulation, Sports, Strategy",Madden NFL 24
266840,"Simulation, Strategy",Age of Mythology: Extended Edition
268910,"Action, Indie",Cuphead
1013320,"Action, Adventure, Casual, Indie, Massively Multiplayer, RPG, Simulation, Strategy, Free To Play",Firestone: Online Idle RPG
632470,RPG,Disco Elysium
2208920,"Action, Adventure, RPG",Assassin's Creed Valhalla
1189490,"Indie, RPG, Strategy",觅长生
1637320,"Action, Adventure, Indie, Simulation",Dome Keeper
1336980,Simulation,NOBUNAGA'S AMBITION: Awakening
219990,"Action, Adventure, Indie, RPG",Grim Dawn
1535560,"Casual, Free To Play, Indie, RPG, Simulation, Early Access",Farmer Against Potatoes Idle
784150,"Simulation, Strategy",Workers & Resources: Soviet Republic
1222690,"Action, Adventure, RPG, Strategy",Dragon Age™ Inquisition
1259420,"Action, Adventure",Days Gone
1943950,"Indie, Early Access",Escape the Backrooms
1787090,Utilities,MyDockFinder
2315690,"Simulation, Sports",WWE 2K24
431240,"Casual, Indie, Sports",Golf With Your Friends
1621690,"Adventure, Casual, Indie, RPG, Early Access",Core Keeper
1167630,"Action, Indie, Simulation, Strategy",Teardown
1506830,"Simulation, Sports",FIFA 22
1971870,Action,Mortal Kombat 1
2963870,"Action, Adventure, Casual, Massively Multiplayer, RPG, Free To Play",Metal Slug: Awakening
635260,"Massively Multiplayer, Racing, Simulation, Sports",CarX Drift Racing Online
620,"Action, Adventure",Portal 2
47890,Simulation,The Sims™ 3
1206560,"Indie, Simulation, Early Access",WorldBox - God Simulator
1888160,Action,ARMORED CORE™ VI FIRES OF RUBICON™
1928420,"Action, Adventure, Massively Multiplayer, Free To Play",Farlight 84
2400510,"Casual, Indie, RPG, Strategy",Dungeons & Degenerate Gamblers
637090,"Action, Adventure, Strategy",BATTLETECH
1113000,RPG,Persona 4 Golden
10500,Strategy,Total War: EMPIRE - Definitive Edition
1846380,"Action, Racing",Need for Speed™ Unbound
1286680,"Action, Adventure, RPG",Tiny Tina's Wonderlands
1151640,"Action, Adventure, RPG",Horizon Zero Dawn™ Complete Edition
204360,"Action, Adventure, Casual, Indie, RPG",Castle Crashers
32470,Strategy,STAR WARS™ Empire at War: Gold Pack
282070,"Adventure, Indie, Simulation",This War of Mine
2642680,"Action, Adventure, Indie, Simulation",Half Sword Demo
508440,"Indie, Simulation, Strategy",Totally Accurate Battle Simulator
495420,"Action, RPG, Simulation",State of Decay 2
2961880,"Casual, Indie, Simulation, Early Access",Grocery Store Simulator
2280,Action,DOOM + DOOM II
767560,"Action, Free To Play",War Robots
2591280,"Simulation, Strategy",F1® Manager 2024
1774580,"Action, Adventure",STAR WARS Jedi: Survivor™
1817070,"Action, Adventure, Casual",Marvel’s Spider-Man Remastered
544810,"Casual, Indie, Strategy, Free To Play",KARDS - The WWII Card Game
2384620,"Indie, Simulation, Sports, Strategy",Out of the Park Baseball 25
1875830,"Adventure, RPG",Shin Megami Tensei V: Vengeance
200210,"Action, Adventure, Indie, Massively Multiplayer, RPG, Free To Play",Realm of the Mad God Exalt
1404210,"Action, Adventure",Red Dead Online
2527870,"Action, Adventure, Indie, Simulation",Half Sword Playtest
588430,"RPG, Simulation, Free To Play",Fallout Shelter
1669000,Strategy,Age of Wonders 4
552500,"Action, Indie",Warhammer: Vermintide 2
916440,"Simulation, Strategy",Anno 1800
1546320,"RPG, Free To Play",Your Chronicle
2066020,"Action, Indie, RPG, Early Access",Soulstone Survivors
493340,"Action, Adventure, Casual, Simulation, Strategy",Planet Coaster
573090,Simulation,Stormworks: Build and Rescue
305620,"Adventure, Indie, Simulation, Strategy",The Long Dark
1232580,"Adventure, Indie, RPG, Strategy",Knock on the Coffin Lid
858210,"Action, Indie",Nova Drift
219740,"Adventure, Indie, Simulation",Don't Starve
2054970,"Action, RPG",Dragon's Dogma 2
1859910,"Adventure, Indie, RPG, Strategy",活俠傳
459820,"Casual, Indie, Free To Play",Crush Crush
1056640,"Action, Massively Multiplayer, RPG, Free To Play",Phantasy Star Online 2 New Genesis
824270,"Action, Indie, Simulation",KovaaK's
1041320,"Massively Multiplayer, RPG, Strategy, Free To Play",Lords Mobile
2445690,"Action, Adventure, Indie, RPG, Early Access",Lost Castle 2
719890,"Adventure, Indie, Massively Multiplayer, Simulation, Early Access",Beasts of Bermuda
2167580,"Action, Adventure, Massively Multiplayer, RPG, Strategy, Free To Play",Summoners War: Chronicles
1256670,"Indie, RPG, Strategy",Library Of Ruina
2849080,"Indie, Strategy",Kingdom Rush 5: Alliance TD
1477070,"Adventure, Casual, Indie, RPG, Strategy",Depersonalization
1190970,"Casual, Indie, Simulation",House Flipper 2
412220,"Action, Indie, Racing, Free To Play",DDNet
613100,"Indie, Simulation",House Flipper
22330,RPG,The Elder Scrolls IV: Oblivion
815370,"Action, Adventure, Indie, Simulation",Green Hell
1129580,"Action, Adventure, Indie, RPG, Simulation",Medieval Dynasty
2088570,"Action, Adventure, Indie, RPG, Early Access",Tiny Rogues
1119730,Simulation,Ranch Simulator
787480,Adventure,Phoenix Wright: Ace Attorney Trilogy
665300,"Animation & Modeling, Audio Production, Design & Illustration, Utilities, Video Production, Web Publishing",Stream Avatars
379720,Action,DOOM
1482520,"Action, Indie, RPG, Simulation, Free To Play, Early Access",Space Station 14 Playtest
1180320,"Strategy, Free To Play",三国杀
8800,Strategy,Sid Meier's Civilization IV: Beyond the Sword
361420,"Adventure, Indie",ASTRONEER
1066780,"Casual, Indie, Simulation, Strategy",Transport Fever 2
786520,"Utilities, Early Access",SAO Utils: Beta
72850,RPG,The Elder Scrolls V: Skyrim
3069470,"Casual, Indie",Dollar
977950,Indie,A Dance of Fire and Ice
2221490,"Action, Adventure, RPG",Tom Clancy's The Division 2
312060,"Massively Multiplayer, RPG",FINAL FANTASY XIV Online Free Trial
1068820,Utilities,OVR Toolkit
1973530,"Action, RPG, Strategy",Limbus Company
632810,"Audio Production, Utilities",Soundpad Demo
805550,"Racing, Simulation, Sports",Assetto Corsa Competizione
552520,"Action, Adventure",Far Cry 5
2484110,"Adventure, RPG",FINAL FANTASY VII EVER CRISIS
1343370,"Adventure, Massively Multiplayer, RPG, Free To Play",Old School RuneScape
3910,Strategy,Sid Meier's Civilization III: Complete
1468260,"Casual, Indie, Free To Play",Leaf Blower Revolution - Idle Game
447040,"Action, Adventure",Watch_Dogs 2
1527950,"Adventure, Indie, RPG, Strategy",Wartales
325610,Strategy,Total War: ATTILA
1238860,Action,Battlefield 4™
601150,Action,Devil May Cry 5
784080,"Action, Simulation",MechWarrior 5: Mercenaries
1325200,"Action, RPG",Nioh 2 – The Complete Edition
2289450,"Casual, Indie, Simulation, Free To Play",Idle Cave Miner
47810,RPG,Dragon Age: Origins - Ultimate Edition
212500,"Action, Adventure, Massively Multiplayer, RPG, Free To Play",The Lord of the Rings Online™
883710,Action,Resident Evil 2
976310,Action,Mortal Kombat 11
1190000,"Racing, Simulation",Car Mechanic Simulator 2021
924970,Action,Back 4 Blood
1217060,"Action, Adventure, Indie, RPG",Gunfire Reborn
1840,"Animation & Modeling, Video Production",Source Filmmaker
669330,"Action, Indie, Massively Multiplayer, Simulation, Strategy, Early Access",Mechabellum
1686940,Action,Bopl Battle
365360,"Indie, RPG, Strategy",Battle Brothers
1611600,"Action, Indie, Simulation, Strategy",WARNO
312520,"Action, Adventure, Indie",Rain World
2479810,"Action, Adventure, Massively Multiplayer, Early Access",Gray Zone Warfare
1084600,"Adventure, Casual, Indie, RPG, Simulation",My Time at Sandrock
1797880,"Action, Massively Multiplayer, Free To Play",Lost Light
212680,"Indie, Simulation, Strategy",FTL: Faster Than Light
1244460,"Simulation, Strategy",Jurassic World Evolution 2
1069660,"Indie, RPG, Simulation, Strategy",Ultimate Admiral: Dreadnoughts
2078450,"Racing, Early Access","Warhammer 40,000: Speed Freeks"
211820,"Action, Adventure, Casual, Indie, RPG",Starbound
629730,"Action, Adventure, Indie, RPG, Simulation",Blade & Sorcery
1336490,"Simulation, Strategy",Against the Storm
1259970,Sports,eFootball PES 2021 SEASON UPDATE
1995520,"Massively Multiplayer, RPG, Early Access",Pax Dei
311690,"Action, Adventure, Indie",Enter the Gungeon
1139980,"Adventure, Casual, Indie, RPG, Simulation, Early Access",Travellers Rest
1625450,"Action, Adventure, Free To Play, Indie",Muck
2072450,"Action, Adventure, RPG",Like a Dragon: Infinite Wealth
466170,"Casual, Indie, Simulation, Strategy, Free To Play",Idling to Rule the Gods
389430,"Action, Adventure, Free To Play, Massively Multiplayer, RPG",Knight Online
1629520,"Casual, Indie",A Little to the Left
2488620,"Racing, Sports",F1® 24
1449690,Adventure,The Walking Dead: The Telltale Definitive Series
787860,Simulation,Farming Simulator 19
881020,"Action, Adventure, RPG",Granblue Fantasy: Relink
905370,"Action, Massively Multiplayer, Strategy, Free To Play",Conqueror's Blade
383120,"Adventure, Indie, Simulation, Strategy",Empyrion - Galactic Survival
1237950,"Action, Adventure",STAR WARS™ Battlefront™ II
1353300,"Casual, Indie, Strategy, Free To Play",Idle Slayer
3056550,"Simulation, Free To Play",Bananamana
799960,"Adventure, Casual, Massively Multiplayer, RPG, Strategy, Free To Play",Wizard101
466560,"Indie, Simulation, Strategy",Northgard
1812450,"Action, RPG, Simulation, Strategy, Early Access",Bellwright
678950,Action,DRAGON BALL FighterZ
1433140,"Action, Indie",The Texas Chain Saw Massacre
1627720,"Action, Adventure, RPG",Lies of P
233450,"Indie, Simulation, Strategy",Prison Architect
2420510,"Action, Adventure, Casual, Indie",HoloCure - Save the Fans!
1827180,"Massively Multiplayer, RPG, Free To Play",Toram Online
9900,"Massively Multiplayer, RPG, Free To Play",Star Trek Online
454650,"Action, Adventure, Casual, Massively Multiplayer",DRAGON BALL XENOVERSE 2
975370,"Indie, RPG, Simulation, Strategy",Dwarf Fortress
736190,"Casual, Indie, RPG, Simulation",Chinese Parents
1170950,"Action, Indie, Massively Multiplayer, RPG",Mortal Online 2
1533390,"Action, Casual",Gorilla Tag
335240,"Free To Play, Indie, Massively Multiplayer",Transformice
880940,"Action, Casual, Indie",Pummel Party
1295510,"Adventure, RPG",DRAGON QUEST XI S: Echoes of an Elusive Age – Definitive Edition
2551020,"Action, Indie, Simulation, Strategy, Free To Play",One-armed robber
1196590,Action,Resident Evil Village
1562430,"Adventure, RPG",DREDGE
582160,"Action, Adventure, RPG",Assassin's Creed Origins
599140,"Adventure, Indie, RPG, Simulation",Graveyard Keeper
2756770,"Casual, Indie, Simulation",Tavern Manager Simulator
1815780,"Action, Adventure, Racing, Sports, Free To Play",Asphalt Legends Unite
1940340,"Indie, RPG, Strategy",Darkest Dungeon® II
1046930,"Casual, Free To Play, Strategy",Dota Underlords
297000,"RPG, Strategy",Heroes of Might & Magic III - HD Edition
2780980,"Action, Casual, Indie, Strategy, Early Access",LOCKDOWN Protocol
304050,"Action, Adventure, Casual, Massively Multiplayer, RPG, Free To Play",Trove
2000950,Action,Call of Duty®: Modern Warfare®
459160,"Free To Play, Massively Multiplayer, RPG",Allods Online
704450,RPG,Neverwinter Nights: Enhanced Edition
663090,"Free To Play, Massively Multiplayer, RPG",Granado Espada
1477830,"Action, Education, Software Training, Utilities, Video Production",HudSight - custom crosshair overlay
774801,"Action, Adventure, Casual, Indie, Early Access",Crab Champions
1857090,"Simulation, Strategy, Early Access",Norland
1044720,"Indie, Simulation, Strategy, Early Access",Farthest Frontier
17390,"Action, Adventure, Casual, RPG, Simulation, Strategy",Spore
516750,"Indie, Racing, Simulation, Early Access",My Summer Car
524220,"Action, RPG",NieR:Automata™
1029690,"Action, Adventure",Sniper Elite 5
22370,RPG,Fallout 3 - Game of the Year Edition
2113850,"Casual, Indie, Simulation",Spirit City: Lofi Sessions
1335200,"Action, Adventure, RPG, Free To Play",Action Taimanin
1557740,"Action, Indie",ROUNDS
1172380,"Action, Adventure",STAR WARS Jedi: Fallen Order™
2396240,"Action, Adventure, Indie, RPG, Strategy",SteamWorld Heist II
391540,"Indie, RPG",Undertale
2892880,"Casual, Massively Multiplayer, Simulation, Free To Play, Early Access",修仙小屋
629760,"Action, Indie",MORDHAU
223750,"Simulation, Free To Play",DCS World Steam Edition
346900,"Casual, Indie, Free To Play",AdVenture Capitalist
744900,"Action, Free To Play, Indie, Massively Multiplayer, RPG",Dead Frontier 2
2212330,"Action, Indie, Simulation, Strategy",Your Only Move Is HUSTLE
3141670,"Indie, RPG, Strategy",漂流佣兵 Demo
1274570,Indie,DEVOUR
992300,"Action, Adventure, Indie, RPG",嗜血印 Bloody Spell
1367080,"Action, Free To Play",MOBILE SUIT GUNDAM BATTLE OPERATION 2
368260,"RPG, Strategy",Marvel's Midnight Suns
2965660,"Action, Adventure, Indie, Early Access",PILGRIM
1173510,"Utilities, Early Access",XSOverlay
1222140,"Action, Adventure",Detroit: Become Human
1649080,"Casual, Indie, Simulation, Strategy",Two Point Campus
2369390,"Action, Adventure",Far Cry 6
702320,"Massively Multiplayer, RPG, Strategy, Free To Play",March of Empires
552100,Simulation,Brick Rigs
535930,"Indie, Simulation",Two Point Hospital
1594320,"Indie, Simulation, Strategy, Early Access",Captain of Industry
70,Action,Half-Life
851850,"Action, RPG",DRAGON BALL Z: KAKAROT
1147560,"Action, Indie",Skul: The Hero Slayer
1898300,"Action, Adventure, Simulation, Early Access",ASKA
636480,"Action, Indie, Early Access",Ravenfield
1714040,"Free To Play, Strategy",Super Auto Pets
2067920,"Action, Casual, RPG, Strategy, Early Access",Rogue: Genesia
228200,"Action, Strategy",Company of Heroes
544730,"Casual, Strategy",Catan Universe
2962810,"Casual, Indie, Simulation, Free To Play, Early Access",Galaxy Idle Clicker
329110,"Action, Adventure, Casual, RPG, Strategy, Free To Play",Gems of War
342200,"Action, Massively Multiplayer, Simulation, Strategy, Free To Play",MechWarrior Online
205100,"Action, Adventure",Dishonored
699130,Action,World War Z
1850570,"Action, Adventure",DEATH STRANDING DIRECTOR'S CUT
2334730,"Action, Casual, Indie, RPG, Early Access",Death Must Die
1235140,"Action, Adventure, RPG",Yakuza: Like a Dragon
363890,"RPG, Design & Illustration, Education, Web Publishing, Game Development",RPG Maker MV
220,Action,Half-Life 2
1211020,"Action, Adventure, Casual, Indie, Simulation, Early Access",Wobbly Life
1809540,"Action, Adventure, Indie",Nine Sols
1465460,"Action, Indie, Simulation, Strategy, Early Access",Infection Free Zone
34030,Strategy,Total War: NAPOLEON - Definitive Edition
201810,Action,Wolfenstein: The New Order
848450,"Adventure, Indie",Subnautica: Below Zero
1096900,"RPG, Design & Illustration, Education, Web Publishing, Game Development",RPG Maker MZ
1222700,"Action, Adventure, Indie",A Way Out
638970,"Action, Adventure, RPG",Yakuza 0
453480,"Strategy, Free To Play",Shadowverse
1876890,"Adventure, Indie, RPG, Strategy",Wandering Sword
628070,Strategy,Romance of the Three Kingdoms XI with Power Up Kit
2064650,"Action, Massively Multiplayer, RPG, Free To Play",Tower of Fantasy
2229850,"Action, Strategy",Command & Conquer: Red Alert™ 2 and Yuri’s Revenge™
1385380,"Adventure, Indie, RPG, Strategy",Across the Obelisk
1062520,"Indie, RPG, Simulation, Early Access",Dinkum
585420,"Action, Adventure, Indie, Racing, Simulation",Trailmakers
838350,"Adventure, Casual, Indie, RPG, Strategy, Early Access",太吾绘卷 The Scroll Of Taiwu
885970,Strategy,Total War: ROME REMASTERED
403640,Action,Dishonored 2
2225070,Racing,Trackmania
1693980,"Action, Adventure",Dead Space
2406770,"Action, Indie, Massively Multiplayer, Simulation, Strategy, Early Access",Bodycam
1054490,"Indie, Strategy",Wingspan
753640,"Action, Adventure",Outer Wilds
1948800,"Casual, Indie, Strategy, Free To Play",Yi Xian: The Cultivation Card Game
2108330,"Racing, Sports",F1® 23
42700,Action,Call of Duty: Black Ops
1399720,"Casual, Free To Play, Indie, Strategy",Antimatter Dimensions
1690710,"Adventure, Indie, RPG, Strategy, Free To Play, Early Access",Incremental Epic Hero 2
475150,"Action, RPG",Titan Quest Anniversary Edition
244450,"Action, Simulation, Strategy",Men of War: Assault Squad 2
493520,Action,GTFO
200260,"Action, Adventure",Batman: Arkham City GOTY
433340,"Action, Adventure, Indie, Simulation",Slime Rancher
2691730,"Action, Adventure, RPG, Free To Play",Dungeon Stalkers Playtest
1888930,"Action, Adventure",The Last of Us™ Part I
469600,"Casual, Indie, Strategy",Legion TD 2
218230,"Action, Massively Multiplayer, Free To Play",PlanetSide 2
9420,Strategy,Supreme Commander: Forged Alliance
477160,"Adventure, Casual, Indie, Simulation",Human Fall Flat
254700,"Action, Adventure",Resident Evil 4 (2005)
261640,"Action, RPG",Borderlands: The Pre-Sequel
774171,"Action, Casual, Indie",Muse Dash
502500,"Action, Simulation",ACE COMBAT™7: SKIES UNKNOWN
1969870,"Action, Massively Multiplayer, Free To Play",生死狙击2
1462040,"Action, Adventure, RPG",FINAL FANTASY VII REMAKE INTERGRADE
920490,Utilities,Driver Booster for Steam
21690,"Action, Adventure",Resident Evil 5
268850,Utilities,EVGA Precision X1
701160,"Adventure, Indie, Simulation, Strategy",Kingdom Two Crowns
3017120,"Casual, Simulation, Free To Play",Egg Surprise
359870,RPG,FINAL FANTASY X/X-2 HD Remaster
780290,"Adventure, RPG, Strategy",Gloomhaven
1197260,"Action, Indie, Strategy, Free To Play, Early Access",The Perfect Tower II
2751000,"Action, Adventure",Prince of Persia The Lost Crown
1029780,"Indie, RPG, Simulation, Strategy, Early Access",Going Medieval
1458140,"Action, Adventure, Indie, Racing, Simulation",Pacific Drive
234140,"Action, Adventure",Mad Max
1877960,"Casual, Free To Play, Indie, Strategy",Trimps
492720,"Simulation, Strategy",Tropico 6
1948280,"Casual, Indie, Simulation",Stacklands
1397920,"Adventure, Casual, Indie, RPG, Simulation, Strategy, Free To Play",Mr.Mine
383980,Indie,Rivals of Aether
527230,"Adventure, Indie, RPG, Strategy",For The King
2732960,"Action, Strategy",Command & Conquer™ Generals Zero Hour
418370,"Action, Adventure",Resident Evil 7 Biohazard
1276390,"Action, Casual, Indie, Strategy, Free To Play",Bloons TD Battles 2
1150690,"Adventure, Indie, RPG",OMORI
2695940,"Action, Adventure, Indie",PANICORE
992070,"Casual, Free To Play",Idle Wizard
1296610,"Casual, Indie, RPG, Strategy, Early Access",Peglin
692890,"Action, Indie",Roboquest
1976440,"RPG, Free To Play",CounterSide
9450,Strategy,"Warhammer 40,000: Dawn of War - Soulstorm"
2418520,"Casual, Indie, Simulation, Early Access",Farm Together 2
1418630,"Action, Adventure, Indie",Dread Hunger
670290,"Action, Casual, Free To Play, Indie, Massively Multiplayer, Simulation, Sports, Strategy",Real Pool 3D - Poolians
2739600,"Action, Adventure, Massively Multiplayer, RPG, Free To Play",剑气劫
289650,"Action, Adventure",Assassin's Creed Unity
610080,"Free To Play, RPG, Strategy",Realm Grinder
1676840,"Adventure, Indie, RPG, Strategy",For The King II
242050,"Action, Adventure",Assassin's Creed IV Black Flag
834910,"Action, Adventure, Massively Multiplayer, RPG, Early Access",ATLAS
1127400,Strategy,Mindustry
769560,"Adventure, Indie, Strategy, Free To Play",Night of the Full Moon
1465470,"Simulation, Strategy, Early Access",The Crust
224260,"Action, Indie, Free To Play",No More Room in Hell
489630,Strategy,"Warhammer 40,000: Gladius - Relics of War"
386940,"Action, Casual, Indie",Ultimate Chicken Horse
387990,"Action, Adventure, Indie, Simulation, Early Access",Scrap Mechanic
33230,"Action, Adventure",Assassin's Creed II
2305840,"Action, Adventure, Indie, RPG",Cat Quest III
2396980,Adventure,Fate/stay night REMASTERED
1324130,"Simulation, Strategy",Stranded: Alien Dawn
1566690,"Action, Strategy",Outpost: Infinity Siege
1971650,RPG,OCTOPATH TRAVELER II
2273430,"Action, Adventure, Indie",BlazBlue Entropy Effect
3900,Strategy,Sid Meier's Civilization IV
55150,Action,"Warhammer 40,000: Space Marine - Anniversary Edition"
1097430,"Action, Adventure, Casual, Massively Multiplayer, RPG, Simulation, Strategy, Free To Play, Early Access",依盖之书 book of yog
934700,"Action, Adventure",Dead Island 2
1213210,Strategy,Command & Conquer™ Remastered Collection
1089090,Action,ONE PIECE: PIRATE WARRIORS 4
363150,Simulation,Romance of the Three Kingdoms XIII
488790,RPG,South Park The Fractured But Whole
391220,"Action, Adventure",Rise of the Tomb Raider
794260,RPG,Outward
463530,"Simulation, Strategy",Empires of the Undergrowth
2080690,"Action, Indie, Early Access",Sunkenland
1689500,"Simulation, Strategy",Dune: Imperium
1881700,"Adventure, Massively Multiplayer, RPG, Free To Play",Undawn
678960,"Action, RPG",CODE VEIN
1124300,Strategy,HUMANKIND™
1435790,"Adventure, Casual, Indie, Simulation",Escape Simulator
221040,"Action, Adventure",Resident Evil 6
470220,Casual,UNO
720620,"Indie, RPG, Simulation, Early Access",TaleSpire
1419170,"Simulation, Free To Play",My Singing Monsters
2140510,"Action, Casual, RPG, Strategy, Free To Play",Town of Salem 2
612880,Action,Wolfenstein II: The New Colossus
312660,"Action, Adventure",Sniper Elite 4
736220,"Action, Indie, Massively Multiplayer, Strategy",Squad 44
1520470,"Action, Adventure, Massively Multiplayer, RPG, Strategy, Free To Play",封灵档案/Soul Dossier
3096730,"Action, Indie, Free To Play",REM: The Prologue
3330,Casual,Zuma Deluxe
65800,"Action, Indie, RPG, Strategy",Dungeon Defenders
1683150,"Simulation, Strategy, Early Access",Railroader
362890,"Action, Adventure, Indie",Black Mesa
1057090,Action,Ori and the Will of the Wisps
546560,"Action, Adventure",Half-Life: Alyx
843380,"Action, Adventure, Casual, Indie, Massively Multiplayer, Free To Play",Super Animal Royale
2835570,"Action, Indie, Simulation",Buckshot Roulette
1042550,RPG,Digimon Story Cyber Sleuth: Complete Edition
640820,"Adventure, RPG",Pathfinder: Kingmaker
445220,"Action, Indie, Simulation",Avorion
1332010,"Adventure, Indie",Stray
1486350,"Free To Play, Animation & Modeling, Design & Illustration",VRoid Studio
1118310,Free To Play,RetroArch
225540,"Action, Adventure",Just Cause 3
287450,"Simulation, Strategy",Rise of Nations: Extended Edition
1333350,"Adventure, RPG, Strategy, Free To Play",Angel Legion: LSP Idle RPG
1084160,"Action, Strategy",Jagged Alliance 3
898920,Strategy,Axis & Allies 1942 Online
1422440,"Simulation, Strategy, Early Access",Cataclismo
1144400,"Adventure, Casual",Senren＊Banka
2972990,Casual,ホロライブお宝マウンテン
109600,"Action, Adventure, Massively Multiplayer, RPG, Free To Play",Neverwinter
221680,"Casual, Simulation",Rocksmith® 2014 Edition - Remastered
1272080,"Action, Adventure, RPG",PAYDAY 3
2333480,"Massively Multiplayer, RPG, Strategy, Free To Play",RAID: Shadow Legends
799600,"Simulation, Strategy, Early Access",Cosmoteer: Starship Architect & Commander
1644960,"Simulation, Sports",NBA 2K22
1869590,"Action, Strategy, Free To Play",Omega Strikers
19680,"Action, Adventure",Alice: Madness Returns
1451190,"Action, Simulation, Sports, Early Access",Undisputed
4760,Strategy,Rome: Total War
10090,Action,Call of Duty: World at War
690790,"Racing, Simulation, Sports",DiRT Rally 2.0
1584090,"Casual, Indie, RPG, Simulation",东方夜雀食堂 - Touhou Mystia's Izakaya
2593370,"Adventure, Indie, RPG",The Hungry Lamb: Traveling in the Late Ming Dynasty
620980,Indie,Beat Saber
1785150,"Action, Indie",Friends vs Friends
2276930,"Casual, Simulation",Chillquarium
204880,"Action, Indie, Simulation, Strategy",Sins of a Solar Empire: Rebellion
1188930,"Adventure, Indie, RPG, Strategy",Chrono Ark
1180380,"Action, Indie, Massively Multiplayer, RPG, Free To Play, Early Access",Stay Out
228380,"Action, Indie, Racing, Simulation, Sports",Wreckfest
1049590,"Indie, Strategy, Free To Play",Eternal Return
351940,"Adventure, Casual, Indie",The Descendant
480490,"Action, Adventure",Prey
920210,"Action, Adventure",LEGO® Star Wars™: The Skywalker Saga
1017900,Strategy,Age of Empires: Definitive Edition
200510,Strategy,XCOM: Enemy Unknown
1280930,"Action, Adventure, Indie",Astral Ascent
1645820,"Action, Adventure, Indie, RPG, Early Access",SurrounDead
1238040,"Action, Adventure, RPG",Dragon Age II
1416920,"Indie, RPG, Simulation",中国式网游
1929610,"Action, Adventure, Indie",Demonologist
1127500,"Casual, Indie, Simulation, Strategy",Mini Motorways
367500,"Action, Adventure, RPG",Dragon's Dogma: Dark Arisen
389730,"Action, Sports",TEKKEN 7
1284410,"RPG, Strategy, Free To Play",GWENT: The Witcher Card Game
2816950,"Adventure, Casual, Indie, RPG, Simulation, Strategy, Early Access",Yaoling: Mythical Journey
1105420,"Massively Multiplayer, RPG, Simulation, Strategy, Free To Play",Game of Thrones Winter is Coming
1812820,Free To Play,Bitburner
1817190,"Action, Adventure",Marvel's Spider-Man: Miles Morales
203160,"Action, Adventure",Tomb Raider
243470,"Action, Adventure",Watch_Dogs
1669980,"Indie, RPG, Simulation",Volcano Princess
2187220,Adventure,Apollo Justice: Ace Attorney Trilogy
349040,"Action, Adventure",NARUTO SHIPPUDEN: Ultimate Ninja STORM 4
42960,Strategy,Victoria II
551170,"Adventure, RPG, Strategy",Onmyoji
333640,"Adventure, Indie, RPG, Strategy, Early Access",Caves of Qud
2103530,"Casual, Indie, Massively Multiplayer, RPG, Free To Play, Early Access",Idle Clans
280680,"Indie, Animation & Modeling, Design & Illustration, Photo Editing",Krita
213670,"Action, Adventure, RPG",South Park™: The Stick of Truth™
774361,"Action, Adventure, Indie",Blasphemous
2725560,"Casual, Indie, RPG, Simulation",Idle Fishing
242920,"Indie, Simulation, Strategy",Banished
1367550,Strategy,Kingdom Rush Vengeance
1449560,Action,Metro Exodus Enhanced Edition
251060,"Indie, Simulation, Strategy",Wargame: Red Dragon
388080,"Action, Utilities",Borderless Gaming
666140,"Adventure, Casual, Indie, RPG, Simulation",My Time at Portia
2194530,"Indie, RPG, Simulation",Yog-Sothoth's Yard
2157560,Action,Granblue Fantasy Versus: Rising
2897580,"Action, Casual, Indie, Strategy, Free To Play, Early Access",Idle Hero TD
314160,Simulation,Microsoft Flight Simulator X: Steam Edition
2742140,"Casual, Massively Multiplayer, RPG, Simulation, Strategy",修真大陆
2989820,"Casual, Indie, Free To Play",Pocket Waifu: Desktop Pet
955900,"Indie, RPG, Simulation, Strategy",Amazing Cultivation Simulator
2138610,"Action, Adventure, RPG",The Legend of Heroes: Trails through Daybreak
2138710,"Action, Indie",Sifu
500,Action,Left 4 Dead
2963880,"Action, Adventure, Indie, Early Access",Murky Divers
292730,"Action, Adventure",Call of Duty: Infinite Warfare
1296830,"Action, Adventure, Indie, RPG",暖雪 Warm Snow
2552450,"Action, Adventure, RPG",KINGDOM HEARTS III + Re Mind (DLC)
22320,RPG,The Elder Scrolls III: Morrowind
464920,"Simulation, Strategy",Surviving Mars
2698780,"Casual, Indie, Simulation, Early Access",ContractVille
209000,"Action, Adventure",Batman™: Arkham Origins
603850,Strategy,Age of History II
1062810,"RPG, Strategy",Inkbound
858820,"Action, Adventure, Indie, RPG",Tribes of Midgard
1721470,"Action, Adventure, Indie",Poppy Playtime
35140,"Action, Adventure",Batman: Arkham Asylum GOTY Edition
2622000,"Casual, Indie, RPG, Strategy",Astral Party
246420,Strategy,Kingdom Rush
1007040,Action,EARTH DEFENSE FORCE 5
438040,"Adventure, Casual, Indie, Massively Multiplayer, RPG, Strategy, Free To Play",Shakes and Fidget
2459550,"Indie, Strategy, Early Access",Emberward
750920,"Action, Adventure",Shadow of the Tomb Raider
371970,"Action, Adventure, Indie, RPG",Barony
1318690,"Casual, Indie, Simulation, Strategy",shapez
1377580,"Action, Massively Multiplayer, RPG, Free To Play",Soulworker
2069310,"Indie, Racing, Simulation",RealFlight Evolution
502520,"Indie, Simulation, Strategy",Ultimate General: Civil War
2132850,"Action, Adventure, Indie, RPG",Rabbit and Steel
1241100,"Action, Indie, Massively Multiplayer, Free To Play, Early Access",POLYGON
1176470,"Simulation, Strategy, Early Access",Terra Invicta
1827980,"Casual, Indie, Simulation, Strategy, Free To Play",Idle Spiral
269950,Simulation,X-Plane 11
1352080,"Action, Casual, Free To Play",SMASH LEGENDS
2440510,Racing,Forza Motorsport
400,Action,Portal
2366980,"Adventure, Casual, Indie",Thank Goodness You're Here!
40970,"Simulation, Strategy",Stronghold Crusader HD
214490,Action,Alien: Isolation
1537830,"Action, Adventure, Casual, Racing, Simulation, Sports, Free To Play",Disney Speedstorm
897330,"Casual, Indie, Free To Play",Coloring Pixels
1593350,"Indie, Early Access",Increlution
2231450,"Action, Indie",Pizza Tower
393080,Action,Call of Duty: Modern Warfare Remastered (2017)
16900,"Action, Indie, Simulation, Early Access",GROUND BRANCH
412020,Action,Metro Exodus
298110,"Action, Adventure",Far Cry 4
205710,"Massively Multiplayer, RPG, Free To Play",EverQuest Free-to-Play
249130,"Action, Adventure",LEGO® MARVEL Super Heroes
3056370,"Action, Casual, Simulation, Strategy, Free To Play",Honey Peach Clicker
800270,Strategy,Terraforming Mars
2336220,"Casual, Indie, Simulation, Early Access",Feed The Cups
2767520,"Casual, Indie, Simulation, Sports",LurkBait Twitch Fishing
2840770,"Action, Adventure",Avatar: Frontiers of Pandora
571740,"Casual, Indie, Simulation, Sports",Golf It!
24200,"Action, Adventure, Massively Multiplayer, RPG, Free To Play",DC Universe Online
2396910,"Adventure, Massively Multiplayer, RPG, Free To Play",吞食天地2：誕生
859580,"Simulation, Strategy",Imperator: Rome
1708850,"Action, Adventure, Indie, Simulation, Strategy",Drug Dealer Simulator 2
1097840,"Action, Adventure",Gears 5
1102190,Strategy,Monster Train
2203070,"Adventure, Massively Multiplayer, RPG, Strategy, Free To Play",Dragonheir: Silent Gods
208580,RPG,STAR WARS™ Knights of the Old Republic™ II: The Sith Lords™
293760,"Indie, Racing, Simulation, Strategy, Early Access",Automation - The Car Company Tycoon Game
698780,"Casual, Free To Play, Indie",Doki Doki Literature Club
751780,"Action, Adventure, Indie, Simulation",Forager
777130,"Casual, Indie, Simulation, Free To Play",Blush Blush
1162750,"Indie, Simulation, Strategy, Early Access",Songs of Syx
392110,Strategy,ENDLESS™ Space 2
1279510,"Action, Indie, Racing, Simulation, Free To Play, Early Access",Screw Drivers
2239150,"Action, Indie, Strategy, Early Access",Thronefall
458710,Strategy,Kingdom Rush Frontiers
784950,"Free To Play, Indie, Massively Multiplayer, Strategy",Conflict of Nations: World War 3
3016800,"Action, Massively Multiplayer",Mecha BREAK Playtest
674940,"Action, Casual, Indie",Stick Fight: The Game
223710,"Action, Adventure, Indie",Cry of Fear
105450,"Simulation, Strategy",Age of Empires® III (2007)
397900,"Adventure, Casual, Indie, Massively Multiplayer, Simulation, Strategy, Free To Play",Business Tour - Online Multiplayer Board Game
273110,"Action, Casual, Massively Multiplayer, Free To Play",Counter-Strike Nexon: Studio
327030,"Action, Strategy",Worms W.M.D
960170,"Action, Casual, Sports",DJMAX RESPECT V
986130,"Action, Adventure, Indie, RPG, Early Access",Shadows of Doubt
1017180,"Action, Adventure, Casual, Indie, Simulation, Early Access",The Long Drive
1583320,"Sports, Early Access",Pro Soccer Online
2244130,"Adventure, Casual, Indie, Simulation, Strategy, Early Access",Ratopia
872200,"Action, Free To Play",Rogue Company
2764370,"Action, Adventure, Massively Multiplayer, RPG, Free To Play",星之翼（Starward）
1238000,"Action, RPG",Mass Effect™: Andromeda
2701510,"Action, RPG",奕剑江湖
307690,"Action, Adventure, Racing",Sleeping Dogs: Definitive Edition
997010,Simulation,Police Simulator: Patrol Officers
409710,"Action, RPG",BioShock Remastered
1437830,"Action, RPG, Simulation, Strategy",三国群英传2
972660,"Adventure, Indie, Simulation",Spiritfarer®: Farewell Edition
1898830,"Casual, Animation & Modeling, Utilities",VBridger
2933080,Action,Crime Boss: Rockay City
223850,Utilities,3DMark
780310,"Action, Adventure, Indie, RPG, Simulation, Strategy",The Riftbreaker
1957780,"Action, Early Access",Ghosts Of Tabor
1243830,"Casual, Indie, Simulation, Strategy",Overcooked! All You Can Eat
2854160,"RPG, Sports","INAZUMA ELEVEN: Victory Road Worldwide Beta Test Demo ""Leave Your Inazuma Mark on the World!"""
17480,Strategy,Command & Conquer™ Red Alert™ 3
2218750,"Action, Indie, RPG, Early Access",Halls of Torment
1262240,"Action, Casual, Strategy",Plants vs. Zombies: Battle for Neighborville
2875140,"Adventure, Indie, RPG, Simulation, Strategy",失业了，我获得了亿万游戏财产！
78000,"Casual, Strategy",Bejeweled 3
228280,"Adventure, RPG",Baldur's Gate: Enhanced Edition
952060,Action,Resident Evil 3
637650,RPG,FINAL FANTASY XV WINDOWS EDITION
2864890,"Indie, RPG, Simulation",Magic Research 2
1266630,"Casual, Indie, RPG, Simulation, Early Access",懒人修仙传2
512900,"Action, Adventure, Indie, RPG",Streets of Rogue
12120,Action,Grand Theft Auto: San Andreas
2772560,"Casual, Indie, Simulation, Free To Play",Supermarket Simulator: Prologue
1262580,"Action, Adventure, Racing, Sports, Strategy",Need for Speed™ Payback
1316680,"Action, Adventure, Casual",VLADiK BRUTAL
2627540,"Simulation, Early Access",へなぽらんど
418530,"Action, Indie",Spelunky 2
1611910,"RPG, Strategy","Warhammer 40,000: Chaos Gate - Daemonhunters"
1371980,"Action, Adventure, RPG, Early Access",No Rest for the Wicked
2739990,"Casual, Strategy",Mahjong Soul
2654540,"Adventure, Casual, Indie, RPG, Simulation, Strategy, Early Access",無休仙途
1106840,"Adventure, Casual, Indie, Simulation, Strategy",Hydroneer
1970580,"Adventure, Casual, Indie, RPG, Strategy",Backpack Hero
3107070,"Indie, Simulation",THE JOY OF CREATION Demo
1164940,"Action, Indie",Trepang2
937310,"Indie, Strategy, Free To Play",Infinitode 2
1606180,"Action, Adventure, Indie, RPG",下一站江湖Ⅱ
404790,Game Development,Godot Engine
760160,"Action, Free To Play",Vampire: The Masquerade - Bloodhunt
1677350,"RPG, Sports",EA SPORTS™ PGA TOUR™
394690,"Action, Adventure, Casual, Indie, Massively Multiplayer, Racing, Early Access",Tower Unite
979110,"Indie, RPG, Simulation, Strategy, Early Access",Space Haven
677620,"Action, Free To Play, Indie",Splitgate
1817230,Action,Hi-Fi RUSH
220240,"Action, Adventure",Far Cry® 3
373420,"Adventure, Indie, RPG, Strategy",Divinity: Original Sin Enhanced Edition
1173370,"Action, Casual, Indie, Sports, Free To Play",Slapshot: Rebound
253710,"Action, Adventure, Free To Play, Simulation, Sports",theHunter Classic
1276760,"Action, Adventure, Casual",DRAGON BALL: THE BREAKERS
1288320,"Adventure, Simulation, Sports",Way of the Hunter
1659420,Adventure,UNCHARTED™: Legacy of Thieves Collection
2826180,"Adventure, Casual, Indie, Simulation",ChillPulse
202990,Action,Call of Duty: Black Ops II - Multiplayer
2014780,Simulation,X-Plane 12
646910,"Action, Massively Multiplayer, Racing",The Crew 2
2064870,"Action, Free To Play",Deceit 2
1254120,"Action, Free To Play, Massively Multiplayer, RPG",Bless Unleashed
236110,"Action, Indie, RPG, Strategy, Free To Play",Dungeon Defenders II
1149620,"Indie, Simulation",Gas Station Simulator
1364390,"Animation & Modeling, Video Production",Animaze
489520,"Action, Adventure, Indie, RPG, Strategy, Free To Play",Minion Masters
569480,"Indie, Simulation, Strategy",Kingdoms and Castles
707010,"Action, Indie, Massively Multiplayer, RPG, Free To Play, Early Access",Will To Live Online
667970,"Action, Indie, Simulation",VTOL VR
870780,"Action, Adventure",Control Ultimate Edition
360430,"Action, Adventure",Mafia III: Definitive Edition
2484250,"Action, RPG, Free To Play",ASTRA: Knights of Veda
704850,"Action, Adventure, Indie, Simulation",Thief Simulator
728530,"RPG, Strategy",SD GUNDAM G GENERATION CROSS RAYS
1268750,"Action, Indie, Early Access",Starship Troopers: Extermination
354290,"Action, Casual, Free To Play, Massively Multiplayer",LoveBeat
1657630,"Action, Adventure, Casual, Indie, Simulation, Early Access",Slime Rancher 2
24810,Strategy,Command & Conquer 3: Kane's Wrath™
1066890,"Action, Indie, Racing, Simulation, Sports",Automobilista 2
1096530,"Adventure, RPG, Strategy",Solasta: Crown of the Magister
2103140,"Action, Adventure, Indie, RPG, Early Access",Magicraft
983380,"Indie, Simulation, Strategy, Early Access",Car Manufacture
257350,"Adventure, RPG",Baldur's Gate II: Enhanced Edition
458750,"Design & Illustration, Photo Editing",FireAlpaca SE
617290,"Action, Adventure, RPG",Remnant: From the Ashes
8870,Action,BioShock Infinite
24780,"Simulation, Strategy",SimCity 4 Deluxe
268650,"Action, Adventure, Indie, Simulation, Strategy",From The Depths
337410,"Massively Multiplayer, RPG, Free To Play",Karos
1158850,Adventure,The Great Ace Attorney Chronicles
1672970,"Action, Adventure, RPG",Minecraft Dungeons
2362300,Simulation,Train Sim World® 4
763890,"Indie, RPG, Strategy",Wildermyth
983870,"Indie, Simulation, Strategy, Early Access",FOUNDRY
1974050,"Action, Adventure, RPG, Free To Play",Torchlight: Infinite
