app_id,app_type,developer,publisher,release_date
730,Game,Valve,Valve,21 August 2012
2923300,Game,"Pony, Sky, AestheticSpartan, O'Brian",Sky,23 April 2024
570,Game,Valve,Valve,9 July 2013
2139460,Game,Starry Studio,Starry Studio,9 July 2024
271590,Game,Rockstar North,Rockstar Games,13 April 2015
1938090,Game,"Sledgehammer Games, Treyarch, Infinity Ward, Beenox, Raven Software, High Moon Studios, Demonware",Activision,28 October 2022
1086940,Game,Larian Studios,Larian Studios,3 August 2023
431960,Application,Wallpaper Engine Team,Wallpaper Engine Team,16 November 2018
252490,Game,Facepunch Studios,Facepunch Studios,8 February 2018
238960,Game,Grinding Gear Games,Grinding Gear Games,23 October 2013
251570,Game,The Fun Pimps,The Fun Pimps Entertainment LLC,25 July 2024
440,Game,Valve,Valve,10 October 2007
2074920,Game,"NEXON Games Co., Ltd.",NEXON,30 June 2024
1085660,Game,Bungie,Bungie,1 October 2019
230410,Game,Digital Extremes,Digital Extremes,25 March 2013
39210,Game,Square Enix,Square Enix,18 February 2014
553850,Game,Arrowhead Game Studios,PlayStation Publishing LLC,8 February 2024
2357570,Game,"Blizzard Entertainment, Inc.","Blizzard Entertainment, Inc.",10 August 2023
438100,Game,VRChat Inc.,VRChat Inc.,1 February 2017
105600,Game,Re-Logic,Re-Logic,16 May 2011
1222670,Game,Maxis,Electronic Arts,18 June 2020
436150,Game,Playtika Ltd.,Playtika Ltd.,19 February 2016
582010,Game,"CAPCOM Co., Ltd.","CAPCOM Co., Ltd.",9 August 2018
394360,Game,Paradox Development Studio,Paradox Interactive,6 June 2016
1281930,Game,TML Team,"Re-Logic, TML Team",16 May 2020
221100,Game,Bohemia Interactive,Bohemia Interactive,13 December 2018
108600,Game,The Indie Stone,The Indie Stone,8 November 2013
1174180,Game,Rockstar Games,Rockstar Games,5 December 2019
3132990,Tool,Game Science,Game Science,13 August 2024
489830,Game,Bethesda Game Studios,Bethesda Softworks,28 October 2016
304930,Game,Smartly Dressed Games,Smartly Dressed Games,7 July 2017
377160,Game,Bethesda Game Studios,Bethesda Softworks,10 November 2015
346110,Game,"Studio Wildcard, Instinct Games, Efecto Studios, Virtual Basement LLC","Studio Wildcard, Snail Games USA",29 August 2017
252950,Game,Psyonix LLC,Psyonix LLC,7 July 2015
1782210,Game,Dani,Dani,29 October 2021
2016590,Game,IRONMACE,IRONMACE,7 June 2024
739630,Game,Kinetic Games,Kinetic Games,18 September 2020
4000,Game,Facepunch Studios,Valve,29 November 2006
1623660,Game,Wemade Next,Wemade,25 August 2021
275850,Game,Hello Games,Hello Games,12 August 2016
2977660,Game,100 Cozy Games,100 Cozy Games,21 May 2024
960090,Game,Ninja Kiwi,Ninja Kiwi,18 December 2018
1142710,Game,"CREATIVE ASSEMBLY, Feral Interactive","SEGA, Feral Interactive",17 February 2022
261550,Game,TaleWorlds Entertainment,TaleWorlds Entertainment,25 October 2022
813780,Game,"Forgotten Empires, Tantalus Media, Wicked Witch, World's Edge",Xbox Game Studios,14 November 2019
1238810,Game,DICE,Electronic Arts,11 June 2020
548430,Game,Ghost Ship Games,Coffee Stain Publishing,13 May 2020
1158310,Game,Paradox Development Studio,Paradox Interactive,1 September 2020
8930,Game,"Firaxis Games, Aspyr (Mac), Aspyr (Linux)","2K, Aspyr (Mac), Aspyr (Linux)",21 September 2010
2448970,Game,Mithril Interactive,Mithril Interactive,19 July 2024
1454400,Game,"Orteil, DashNet",Playsaurus,1 September 2021
322170,Game,RobTop Games,RobTop Games,22 December 2014
311210,Game,"Treyarch, Aspyr (Mac)","Activision, Aspyr (Mac)",6 November 2015
1313140,Game,Massive Monster,Devolver Digital,11 August 2022
582660,Game,Pearl Abyss,Pearl Abyss,24 May 2017
1151340,Game,Bethesda Game Studios,Bethesda Softworks,14 April 2020
386360,Game,Titan Forge Games,Hi-Rez Studios,8 September 2015
227300,Game,SCS Software,SCS Software,18 October 2012
513710,Game,Gamepires,Jagex Ltd,29 August 2018
427520,Game,Wube Software LTD.,Wube Software LTD.,14 August 2020
236850,Game,"Paradox Development Studio, Paradox Tinto",Paradox Interactive,13 August 2013
284160,Game,BeamNG,BeamNG,29 May 2015
292030,Game,CD PROJEKT RED,CD PROJEKT RED,18 May 2015
397540,Game,Gearbox Software,2K,13 March 2020
1517290,Game,DICE,Electronic Arts,19 November 2021
2338770,Game,Visual Concepts,2K,8 September 2023
632360,Game,Hopoo Games,Gearbox Publishing,11 August 2020
216150,Game,NEXON Korea Corporation,Nexon America Inc.,9 August 2012
240,Game,Valve,Valve,1 November 2004
107410,Game,Bohemia Interactive,Bohemia Interactive,12 September 2013
1172620,Game,Rare Ltd,Xbox Game Studios,3 June 2020
457140,Game,Klei Entertainment,Klei Entertainment,30 July 2019
1920960,Game,LB Game,LB Game,14 August 2023
3076520,Game,Dog Inc.,Dog Inc.,21 July 2024
393380,Game,Offworld,Offworld,23 September 2020
2379780,Game,LocalThunk,Playstack,20 February 2024
1446780,Game,"CAPCOM Co., Ltd.","CAPCOM Co., Ltd.",12 January 2022
1476970,Game,Lavaflame2,Lavaflame2,2 April 2021
1325860,Application,DenchiSoft,DenchiSoft,12 March 2021
761890,Game,Sandbox Interactive GmbH,Sandbox Interactive GmbH,16 May 2018
255710,Game,Colossal Order Ltd.,Paradox Interactive,10 March 2015
2141910,Game,Wizards of the Coast LLC,Wizards of the Coast LLC,23 May 2023
218620,Game,OVERKILL - a Starbreeze Studio.,Starbreeze Publishing AB,13 August 2013
766570,Game,FishSoft LLC,FishSoft LLC,11 November 2021
2670630,Game,Nokta Games,Nokta Games,20 February 2024
814380,Game,"FromSoftware, Inc.","Activision (Excluding Japan and Asia), FromSoftware, Inc. (Japan), ÊñπÂùóÊ∏∏Êàè (Asia)",22 March 2019
2707930,Game,Singularity 6 Corporation,Singularity 6 Corporation,25 March 2024
286160,Game,Berserk Games,Berserk Games,5 June 2015
1778820,Game,Bandai Namco Studios Inc.,Bandai Namco Entertainment,25 January 2024
365670,Application,Blender Foundation,Blender Foundation,24 April 2015
526870,Game,Coffee Stain Studios,Coffee Stain Publishing,8 June 2020
3047030,Game,Zeeno,L7 Software,29 June 2024
49520,Game,"Gearbox Software, Aspyr (Mac), Aspyr (Linux)","2K, Aspyr (Mac), Aspyr (Linux)",18 September 2012
2526380,Game,XD,XD,31 July 2024
1665460,Game,KONAMI,KONAMI,30 September 2021
1812620,Application,Paliverse,Paliverse,24 June 2022
2567870,Game,Anegar Games,Anegar Games,19 June 2024
949230,Game,Colossal Order Ltd.,Paradox Interactive,24 October 2023
552990,Game,Wargaming Group Limited,Wargaming Group Limited,15 November 2017
376210,Game,Afterthought LLC,Afterthought LLC,2 December 2015
10,Game,Valve,Valve,1 November 2000
1203620,Game,Keen Games GmbH,Keen Games GmbH,24 January 2024
1997040,Game,"Second Dinner Studios, Inc.",Nuverse,22 August 2023
1593500,Game,"Santa Monica Studio, Jetpack Interactive",PlayStation Publishing LLC,14 January 2022
686810,Game,Team17,Team17,27 July 2021
990080,Game,Avalanche Software,Warner Bros. Games,10 February 2023
976730,Game,"343 Industries, Splash Damage, Ruffian Games, Bungie, Saber Interactive",Xbox Game Studios,3 December 2019
22380,Game,Obsidian Entertainment,Bethesda Softworks,19 October 2010
374320,Game,"FromSoftware, Inc.","FromSoftware, Inc., Bandai Namco Entertainment",11 April 2016
1250410,Game,Asobo Studio,Xbox Game Studios,18 August 2020
1904540,Game,Sports Interactive,SEGA,8 November 2022
431730,Application,David Capello,Igara Studio,22 February 2016
648800,Game,Redbeet Interactive,Axolot Games,20 June 2022
700330,Game,Northwood Studios,Northwood Studios,29 December 2017
2215430,Game,"Sucker Punch Productions, Nixxes Software",PlayStation Publishing LLC,16 May 2024
1240440,Game,343 Industries,Xbox Game Studios,15 November 2021
1361210,Game,Fatshark,Fatshark,30 November 2022
1158160,Game,Stairway Games,Humble Games,14 November 2023
1286830,Game,Broadsword,Electronic Arts,21 July 2020
2050650,Game,"CAPCOM Co., Ltd.","CAPCOM Co., Ltd.",24 March 2023
2646460,Game,CampFire Studio,Qooland Games,31 May 2024
444090,Game,Evil Mojo Games,Hi-Rez Studios,8 May 2018
1145360,Game,Supergiant Games,Supergiant Games,17 September 2020
1868140,Game,MINTROCKET,MINTROCKET,28 June 2023
1818750,Game,Player First Games,Warner Bros. Games,19 July 2022
244850,Game,Keen Software House,Keen Software House,28 February 2019
933110,Game,"World's Edge, Tantalus Media, Forgotten Empires",Xbox Game Studios,15 October 2020
1147690,Game,4G,4G,1 October 2019
2161700,Game,ATLUS,SEGA,2 February 2024
1063730,Game,Amazon Games,Amazon Games,28 September 2021
435150,Game,Larian Studios,Larian Studios,14 September 2017
268500,Game,"Firaxis Games, Feral Interactive (Mac), Feral Interactive (Linux)","2K, Feral Interactive (Mac), Feral Interactive (Linux)",5 February 2016
1328670,Game,BioWare,Electronic Arts,14 May 2021
262060,Game,Red Hook Studios,Red Hook Studios,19 January 2016
1284210,Game,ArenaNet¬Æ,NCSOFT,23 August 2022
1468810,Game,È¨ºË∞∑Â∑•‰ΩúÂÆ§,"È¨ºË∞∑Â∑•‰ΩúÂÆ§, Lightning Games",26 May 2023
2012510,Game,Frost Giant Studios,Frost Giant Studios,30 July 2024
3590,Game,"PopCap Games, Inc.","PopCap Games, Inc., Electronic Arts",5 May 2009
655500,Game,PiBoSo,PiBoSo,7 October 2019
1258080,Game,"Kabam Games, Inc.","Kabam Games, Inc.",5 May 2020
242760,Game,Endnight Games Ltd,Endnight Games Ltd,30 April 2018
2855560,Game,Grinding Gear Games,"Hotcool Technology Co., LTD.",1 March 2024
1426210,Game,Hazelight Studios,Electronic Arts,26 March 2021
627690,Game,Codename Entertainment Inc.,Codename Entertainment Inc.,25 March 2020
48700,Game,TaleWorlds Entertainment,TaleWorlds Entertainment,31 March 2010
1919590,Game,Visual Concepts,2K,8 September 2022
1009850,Application,OVRAS Team,OVRAS Team,14 April 2020
962130,Game,Obsidian Entertainment,Xbox Game Studios,27 September 2022
1384160,Game,Arc System Works,Arc System Works,11 June 2021
1942280,Game,Blobfish,Blobfish,23 June 2023
2808930,Game,BRAWEA LTD,BRAWEA LTD,21 February 2024
1343400,Game,Jagex Ltd,Jagex Ltd,14 October 2020
2471100,Game,Sylv,Jdog Corp,27 July 2023
380600,Game,Fishing Planet LLC,Fishing Planet LLC,28 August 2017
1222680,Game,Ghost Games,Electronic Arts,4 June 2020
221380,Game,"Skybox Labs, Hidden Path Entertainment, Ensemble Studios, Forgotten Empires",Xbox Game Studios,9 April 2013
1149460,Game,RocketWerkz,RocketWerkz,3 December 2021
985810,Game,KOG,KOG,28 July 2021
1568590,Game,"Gaggle Studios, Inc.","Gaggle Studios, Inc.",3 October 2021
993090,Application,THS,THS,28 December 2018
494840,Game,Deep Water Studio,PlayWay S.A.,2 August 2024
2051620,Game,Darkflow Software,Gaijin Network Ltd,16 July 2024
570940,Game,"QLOC, FromSoftware, Inc.","FromSoftware, Inc., Bandai Namco Entertainment",23 May 2018
518790,Game,Expansive Worlds,Expansive Worlds,16 February 2017
2420110,Game,"Guerrilla, Nixxes Software",PlayStation Publishing LLC,21 March 2024
881100,Game,Nolla Games,Nolla Games,15 October 2020
1290000,Game,FuturLab,Square Enix,14 July 2022
1092790,Game,Daniel Mullins Games,Devolver Digital,19 October 2021
1948980,Game,ÂçäÁì∂ÈÜãÂ∑•‰ΩúÂÆ§ÔºàHalf Amateur StudioÔºâ,Paleo,16 November 2023
601510,Game,KONAMI,KONAMI,17 November 2017
392160,Game,Egosoft,Egosoft,30 November 2018
4700,Game,"CREATIVE ASSEMBLY, Feral Interactive (Mac), Feral Interactive (Linux)","SEGA, Feral Interactive (Mac), Feral Interactive (Linux)",15 November 2006
1169040,Game,Fair Games ApS,Fair Games ApS,12 December 2019
231430,Game,"Relic Entertainment, Feral Interactive (Mac), Feral Interactive (Linux)","SEGA, Feral Interactive (Mac), Feral Interactive (Linux)",25 June 2013
1201240,Game,KLab Inc.,KLab Inc.,18 August 2020
1363080,Game,Slavic Magic,Hooded Horse,26 April 2024
1304930,Game,Red Barrels,Red Barrels,5 March 2024
335300,Game,"FromSoftware, Inc.","Bandai Namco Entertainment, FromSoftware, Inc.",1 April 2015
703080,Game,Frontier Developments,Frontier Developments,5 November 2019
1891700,Game,Broken Glass,Broken Glass,17 March 2022
1922560,Game,PopCap,Electronic Arts,16 May 2022
671860,Game,"SgtOkiDoki, Vilaskis, TheLiquidHorse",SgtOkiDoki,15 June 2023
1824220,Game,Torn Banner Studios,Tripwire Presents,12 June 2022
782330,Game,id Software,Bethesda Softworks,20 March 2020
877280,Application,Joshua Chen,Studio GPBeta,5 November 2022
2552430,Game,Square Enix,Square Enix,13 June 2024
208650,Game,Rocksteady Studios,WB Games,23 June 2015
729040,Game,"Gearbox Software, Blind Squirrel Games",2K,3 April 2019
460930,Game,"Ubisoft Paris, Ubisoft Annecy, Ubisoft Bucharest, Ubisoft Montpellier, Ubisoft Milan, Reflections, Ubisoft Belgrade",Ubisoft,7 March 2017
1874880,Game,Bohemia Interactive,Bohemia Interactive,16 November 2023
961200,Game,Omeda Studios,Omeda Studios,1 December 2022
12210,Game,"Rockstar North, Rockstar Toronto",Rockstar Games,2 December 2008
1465360,Game,Saber Interactive,Focus Entertainment,17 May 2021
644930,Game,Numantian Games,Numantian Games,18 June 2019
728880,Game,"Ghost Town Games Ltd., Team17",Team17,7 August 2018
400040,Application,ShareX Team,ShareX Team,2 October 2015
356190,Game,Monolith Productions,WB Games,10 October 2017
203770,Game,Paradox Development Studio,Paradox Interactive,14 February 2012
1245620,Game,"FromSoftware, Inc.","FromSoftware, Inc.",24 Feb 2022
1203220,Game,24 Entertainment,NetEase Games Global,11 Aug 2021
413150,Game,ConcernedApe,ConcernedApe,26 Feb 2016
359550,Game,Ubisoft Montreal,Ubisoft,1 Dec 2015
236390,Game,Gaijin Entertainment,Gaijin Network Ltd,15 Aug 2013
381210,Game,Behaviour Interactive Inc.,Behaviour Interactive Inc.,14 Jun 2016
289070,Game,Firaxis Games,2K,20 Oct 2016
2195250,Game,EA Canada &amp; EA Romania,Electronic Arts,28 Sep 2023
550,Game,Valve,Valve,16 Nov 2009
2252570,Game,Sports Interactive,SEGA,6 Nov 2023
1366800,Game,CenterPoint Gaming,CenterPoint Gaming,1 Jun 2020
1623730,Game,Pocketpair,Pocketpair,18 Jan 2024
1091500,Game,CD PROJEKT RED,CD PROJEKT RED,9 Dec 2020
322330,Game,Klei Entertainment,Klei Entertainment,21 Apr 2016
294100,Game,Ludeon Studios,Ludeon Studios,17 Oct 2018
1449850,Game,KONAMI,KONAMI,18 Jan 2022
1599340,Game,Smilegate RPG,Amazon Games,11 Feb 2022
2344520,Game,"Blizzard Entertainment, Inc.","Blizzard Entertainment, Inc.",17 Oct 2023
2709570,Game,DeadDevsTellNoLies,DeadDevsTellNoLies,9 Aug 2024
892970,Game,Iron Gate AB,Coffee Stain Publishing,2 Feb 2021
1966720,Game,Zeekerss,Zeekerss,23 Oct 2023
250900,Game,"Nicalis, Inc.","Nicalis, Inc.",4 Nov 2014
646570,Game,Mega Crit,Mega Crit,23 Jan 2019
2073850,Game,Embark Studios,Embark Studios,7 Dec 2023
1364780,Game,"CAPCOM Co., Ltd.","CAPCOM Co., Ltd.",1 Jun 2023
2709440,Game,Team Jade,TiMi Studio Group,Coming soon
2399830,Game,Studio Wildcard,Studio Wildcard,25 Oct 2023
629520,Game,Leppsoft,Leppsoft,9 Nov 2016
1248130,Game,Giants Software,Giants Software,21 Nov 2021
291550,Game,Blue Mammoth Games,Ubisoft,17 Oct 2017
281990,Game,Paradox Development Studio,Paradox Interactive,9 May 2016
306130,Game,ZeniMax Online Studios,Bethesda Softworks,4 Apr 2014
2142790,Game,NPC Studio,NPC Studio,5 Aug 2024
427410,Game,Deep Field Games,Playstack,2 May 2024
2349820,Game,Èí¢‰πãÁõ¥Áî∑Â∑•‰ΩúÂÆ§,Orienjoy,17 May 2023
1905180,Game,OBS Project,OBS Project,14 Jul 2014
1238840,Game,DICE,Electronic Arts,20 Oct 2016
2426960,Game,Com2uS,Com2uS,7 Jan 2024
270880,Game,SCS Software,SCS Software,2 Feb 2016
2889840,Game,Mountaintop Studios,Mountaintop Studios,Coming soon
1687950,Game,ATLUS,SEGA,21 Oct 2022
232090,Game,Tripwire Interactive,Tripwire Interactive,18 Nov 2016
1237970,Game,Respawn Entertainment,Electronic Arts,28 Oct 2016
1818450,Game,EXBO,EXBO,9 Dec 2022
244210,Game,Kunos Simulazioni,Kunos Simulazioni,19 Dec 2014
1551360,Game,Playground Games,Xbox Game Studios,8 Nov 2021
1466860,Game,Relic Entertainment,Xbox Game Studios,28 Oct 2021
529340,Game,Paradox Development Studio,Paradox Interactive,25 Oct 2022
945360,Game,Innersloth,Innersloth,16 Nov 2018
1716740,Game,Bethesda Game Studios,Bethesda Softworks,5 Sep 2023
1283970,Game,Dragonrise Games,Dragonrise Games,1 May 2020
714010,Game,"State Space Labs, Inc.","State Space Labs, Inc.",16 Jun 2023
1293830,Game,Playground Games,Xbox Game Studios,9 Mar 2021
2291060,Game,SANDLOT,D3PUBLISHER,25 Jul 2024
1144200,Game,VOID Interactive,VOID Interactive,13 Dec 2023
367520,Game,Team Cherry,Team Cherry,24 Feb 2017
1326470,Game,Endnight Games Ltd,Newnight,22 Feb 2024
1267910,Game,Games by Malcs,Jagex Ltd,18 Nov 2021
440900,Game,Funcom,Funcom,8 May 2018
1604030,Game,Stunlock Studios,Stunlock Studios,8 May 2024
1118200,Game,mestiez,Studio Minus,23 Jul 2019
233860,Game,Lo-Fi Games,Lo-Fi Games,6 Dec 2018
304390,Game,Ubisoft Montreal,Ubisoft,14 Mar 2024
1794680,Game,poncle,poncle,20 Oct 2022
1599600,Game,It's happening,Yogscast Games,4 Aug 2022
3103840,Game,OPNeon Games,OPNeon Games,6 Aug 2024
2881650,Game,thePetHen,Landfall,1 Apr 2024
444200,Game,Wargaming Group Limited,Wargaming Group Limited,9 Nov 2016
899770,Game,Eleventh Hour Games,Eleventh Hour Games,21 Feb 2024
1973710,Game,"WFS, Inc.","WFS, Inc.",10 Aug 2022
977400,Game,Computer Lunch,Computer Lunch,3 Nov 2021
779340,Game,CREATIVE ASSEMBLY,SEGA,23 May 2019
214950,Game,CREATIVE ASSEMBLY,SEGA,2 Sep 2013
264710,Game,Unknown Worlds Entertainment,Unknown Worlds Entertainment,23 Jan 2018
359320,Game,Frontier Developments,Frontier Developments,2 Apr 2015
2321470,Game,Funday Games,Ghost Ship Publishing,14 Feb 2024
1282100,Game,Gunfire Games,Arc Games,25 Jul 2023
1677740,Game,Scopely,Scopely,7 Oct 2021
1432860,Game,Pixel Sprout Studios,Pixel Sprout Studios,10 Mar 2023
1659040,Game,IO Interactive A/S,IO Interactive A/S,20 Jan 2022
239140,Game,Techland,Techland,26 Jan 2015
812140,Game,Ubisoft Quebec,Ubisoft,5 Oct 2018
1062090,Game,Mechanistry,Mechanistry,15 Sep 2021
1366540,Game,Youthcat Studio,Gamera Games,20 Jan 2021
2325290,Game,thatgamecompany,thatgamecompany,10 Apr 2024
2250040,Game,CenterPoint Gaming,CenterPoint Gaming,26 Jan 2023
1447430,Game,Qing Feng Beijing Technology,Qing Feng Beijing Technology,24 May 2021
2003310,Game,TREE.s,TREE.s,4 Jun 2022
8500,Game,CCP,CCP,6 May 2003
1184370,Game,Owlcat Games,META Publishing,2 Sep 2021
1145350,Game,Supergiant Games,Supergiant Games,6 May 2024
386180,Game,Targem Games,Gaijin Network Ltd,26 Jul 2017
1260320,Game,Recreate Games,Source Technology,20 Sep 2023
1371580,Game,Angela Game,Imperium Interactive Entertainment,21 Feb 2024
1284190,Game,Miju Games,Miju Games,10 Apr 2024
2427700,Game,PlayWithFurcifer,PlayWithFurcifer,8 Mar 2024
504230,Game,Maddy Makes Games Inc.,Maddy Makes Games Inc.,25 Jan 2018
1811260,Game,EA Canada &amp; EA Romania,Electronic Arts,30 Sep 2022
534380,Game,Techland,Techland,3 Feb 2022
2638370,Game,Mega Cat Studios,Mega Cat Studios,7 Aug 2024
379430,Game,Warhorse Studios,Warhorse Studios,13 Feb 2018
2951630,Game,CREATIVE ASSEMBLY,SEGA,25 Jul 2024
1407200,Game,Wargaming Group Limited,Wargaming Group Limited,28 Apr 2021
1128810,Game,SMG Studio,SMG Studio,19 Feb 2020
1985810,Game,Treyarch,Activision,8 Mar 2023
602960,Game,FakeFish,Daedalic Entertainment,13 Mar 2023
1401590,Game,Gameloft,Gameloft,5 Dec 2023
2186680,Game,Owlcat Games,Owlcat Games,7 Dec 2023
471710,Game,Rec Room,Rec Room,1 Jun 2016
34330,Game,CREATIVE ASSEMBLY,SEGA,15 Mar 2011
1456940,Game,Doghowl Games,tinyBuild,13 Aug 2024
2524890,Game,Cubic Games Studio,Cubic Games Studio,2 Apr 2024
1677280,Game,Relic Entertainment,SEGA,23 Feb 2023
363970,Game,Playsaurus,Playsaurus,13 May 2015
505460,Game,Siege Camp,Siege Camp,28 Sep 2022
400750,Game,Barbedwire Studios,Digitalmindsoft,11 Jun 2021
594570,Game,CREATIVE ASSEMBLY,SEGA,28 Sep 2017
2281730,Game,Alfa Bravo Inc,Alfa Bravo Inc,21 Apr 2023
568220,Game,ProjectMoon,ProjectMoon,9 Apr 2018
1909840,Game,‰∏ÄÂìÅÈòÅ,ÊñπÂùóÊ∏∏Êàè(CubeGame),31 Jul 2024
581320,Game,New World Interactive,Focus Entertainment,12 Dec 2018
872410,Game,"KOEI TECMO GAMES CO., LTD.","KOEI TECMO GAMES CO., LTD.",15 Jan 2020
1588010,Game,HB Studios,2K,13 Oct 2022
2666510,Game,Mister Morris Games,Mister Morris Games,26 Apr 2024
1229490,Game,"Arsi ""Hakita"" Patala",New Blood Interactive,3 Sep 2020
287700,Game,KONAMI,KONAMI,1 Sep 2015
1097150,Game,Mediatonic,N√£o encontrado,3 Aug 2020
1607250,Game,Byking Inc.,Bandai Namco Entertainment,28 Sep 2023
588650,Game,Motion Twin,Motion Twin,6 Aug 2018
2668080,Game,Amazing Seasun Games,Amazing Seasun Games,24 Dec 2023
323190,Game,11 bit studios,11 bit studios,24 Apr 2018
220200,Game,Squad,Private Division,27 Apr 2015
2231380,Game,Ubisoft Paris,Ubisoft,23 Jan 2023
2140330,Game,Tiburon,Electronic Arts,17 Aug 2023
266840,Game,SkyBox Labs,Xbox Game Studios,8 May 2014
268910,Game,Studio MDHR Entertainment Inc.,Studio MDHR Entertainment Inc.,29 Sep 2017
1013320,Game,Holyday Studios,Holyday Studios,1 Apr 2024
632470,Game,ZA/UM,ZA/UM,15 Oct 2019
2208920,Game,Ubisoft Montreal,Ubisoft,6 Dec 2022
1189490,Game,Chalcedony Network,Chalcedony Network,26 Nov 2019
1637320,Game,Bippinbits,Raw Fury,27 Sep 2022
1336980,Game,"KOEI TECMO GAMES CO., LTD.","KOEI TECMO GAMES CO., LTD.",20 Jul 2022
219990,Game,Crate Entertainment,Crate Entertainment,25 Feb 2016
1535560,Game,Oni Gaming,Oni Gaming,25 Aug 2022
784150,Game,3Division,Hooded Horse,20 Jun 2024
1222690,Game,BioWare,Electronic Arts,18 Nov 2014
1259420,Game,Bend Studio,PlayStation Publishing LLC,18 May 2021
1943950,Game,Fancy Games,Fancy Games,11 Aug 2022
1787090,Game,MyDockFinder,MyDockFinder,25 Nov 2021
2315690,Game,Visual Concepts,2K,8 Mar 2024
431240,Game,Blacklight Interactive,Team17,19 May 2020
1621690,Game,Pugstorm,Fireshine Games,8 Mar 2022
1167630,Game,Tuxedo Labs,Tuxedo Labs,21 Apr 2022
1506830,Game,EA Canada &amp; EA Romania,Electronic Arts,1 Oct 2021
1971870,Game,NetherRealm Studios,Warner Bros. Games,19 Sep 2023
2963870,Game,Tencent,HAOPLAY Limited,19 Jul 2024
635260,Game,"CarX Technologies, LLC","CarX Technologies, LLC",17 Nov 2017
620,Game,Valve,Valve,18 Apr 2011
47890,Game,The Sims Studio,Electronic Arts,2 Jun 2009
1206560,Game,Maxim Karpenko,Maxim Karpenko,2 Dec 2021
1888160,Game,"FromSoftware, Inc.","FromSoftware, Inc.",24 Aug 2023
1928420,Game,Farlight Games,Farlight Games,21 Sep 2023
2400510,Game,Purple Moss Collectors,Yogscast Games,8 Aug 2024
637090,Game,Harebrained Schemes,Paradox Interactive,24 Apr 2018
1113000,Game,ATLUS,SEGA,13 Jun 2020
10500,Game,CREATIVE ASSEMBLY,SEGA,4 Mar 2009
1846380,Game,Criterion Games,Electronic Arts,2 Dec 2022
1286680,Game,Gearbox Software,2K,23 Jun 2022
1151640,Game,Guerrilla,PlayStation Publishing LLC,7 Aug 2020
204360,Game,The Behemoth,The Behemoth,26 Sep 2012
32470,Game,Petroglyph,LucasArts,16 Feb 2006
282070,Game,11 bit studios,11 bit studios,14 Nov 2014
2642680,Game,Half Sword Games,Game Seer Publishing,Coming soon
508440,Game,Landfall,Landfall,1 Apr 2021
495420,Game,Undead Labs,Xbox Game Studios,13 Mar 2020
2961880,Game,FEKK Games,FEKK Games,10 Jun 2024
2280,Game,id Software,Bethesda,30 Apr 1995
767560,Game,MY.GAMES HOLDINGS LTD,MY.GAMES HOLDINGS LTD,5 Apr 2018
2591280,Game,Frontier Developments,Frontier Developments,23 Jul 2024
1774580,Game,Respawn,Electronic Arts,27 Apr 2023
1817070,Game,Insomniac Games,PlayStation Publishing LLC,12 Aug 2022
544810,Game,1939 Games,1939 Games,15 Apr 2020
2384620,Game,Out of the Park Developments,Out of the Park Developments,15 Mar 2024
1875830,Game,ATLUS,SEGA,14 Jun 2024
200210,Game,Wild Shadow Studios,Deca Games,20 Feb 2012
1404210,Game,Rockstar Games,Rockstar Games,1 Dec 2020
2527870,Game,Half Sword Games,Game Seer Publishing,Coming soon
588430,Game,Bethesda Game Studios,Bethesda Softworks,29 Mar 2017
1669000,Game,Triumph Studios,Paradox Interactive,2 May 2023
552500,Game,Fatshark,Fatshark,8 Mar 2018
916440,Game,Ubisoft Mainz,Ubisoft,Apr 2019
1546320,Game,Samurai Games,Samurai Games,4 Apr 2021
2066020,Game,Game Smithing Limited,Game Smithing Limited,7 Nov 2022
493340,Game,Frontier Developments,Frontier Developments,17 Nov 2016
573090,Game,Geometa,Geometa,17 Sep 2020
305620,Game,Hinterland Studio Inc.,Hinterland Studio Inc.,1 Aug 2017
1232580,Game,RedBoon,RedBoon,8 Aug 2024
858210,Game,Chimeric,Pixeljam,12 Aug 2024
219740,Game,Klei Entertainment,Klei Entertainment,23 Apr 2013
2054970,Game,"CAPCOM Co., Ltd.","CAPCOM Co., Ltd.",21 Mar 2024
1859910,Game,Obb Studio Inc.,Paras Games,14 Jun 2024
459820,Game,Sad Panda Studios,Sad Panda Studios,13 May 2016
1056640,Game,SEGA,SEGA,5 Aug 2020
824270,Game,KovaaK Games,KovaaK Games,3 Apr 2018
1041320,Game,IGG SINGAPORE PTE. LTD.,IGG SINGAPORE PTE. LTD.,2 Jun 2019
2445690,Game,Hunter Studio,Hunter Studio,24 Jul 2024
719890,Game,"Sastrei Studios, LLC","Sastrei Studios, LLC",21 Dec 2018
2167580,Game,Com2uS,Com2uS,10 Nov 2022
1256670,Game,ProjectMoon,ProjectMoon,10 Aug 2021
2849080,Game,Ironhide Game Studio,Ironhide Game Studio,25 Jul 2024
1477070,Game,MeowNature,Gamera Games,8 Aug 2024
1190970,Game,Frozen District,Frozen District,14 Dec 2023
412220,Game,DDNet Team,DDNet Team,17 Aug 2020
613100,Game,Empyrean,Frozen District,17 May 2018
22330,Game,Bethesda Game Studios,Bethesda Softworks,11 Sep 2007
815370,Game,Creepy Jar,Creepy Jar,5 Sep 2019
1129580,Game,Render Cube,Toplitz Productions,23 Sep 2021
2088570,Game,RubyDev,RubyDev,23 Sep 2022
1119730,Game,Toxic Dog,Excalibur Games,3 Nov 2023
787480,Game,"CAPCOM Co., Ltd.","CAPCOM Co., Ltd.",9 Apr 2019
665300,Game,Travis Miller,Travis Miller,26 Jul 2017
379720,Game,id Software,Bethesda Softworks,13 May 2016
1482520,Game,Space Wizards Federation,Space Wizards Federation,Coming soon
1180320,Game,Êù≠Â∑ûÊ∏∏Âç°ÁΩëÁªúÊäÄÊúØÊúâÈôêÂÖ¨Âè∏,Êù≠Â∑ûÊ∏∏Âç°ÁΩëÁªúÊäÄÊúØÊúâÈôêÂÖ¨Âè∏,17 Dec 2021
8800,Game,Firaxis Games,2K,24 Jul 2007
361420,Game,System Era Softworks,System Era Softworks,16 Dec 2016
1066780,Game,Urban Games,Good Shepherd Entertainment,11 Dec 2019
786520,Game,Joshua Chen,Studio GPBeta,14 Mar 2018
72850,Game,Bethesda Game Studios,Bethesda Softworks,10 Nov 2011
3069470,Game,DollarDev,DollarPublisher,12 Jul 2024
977950,Game,7th Beat Games,7th Beat Games,24 Jan 2019
2221490,Game,Ubisoft,Ubisoft,12 Jan 2023
312060,Game,Square Enix,Square Enix,27 Aug 2013
1068820,Game,Curtis English,Curtis English,28 Jun 2019
1973530,Game,ProjectMoon,ProjectMoon,26 Feb 2023
632810,Game,Leppsoft,Leppsoft,9 Nov 2016
805550,Game,Kunos Simulazioni,505 Games,29 May 2019
552520,Game,Ubisoft Montreal,Ubisoft,26 Mar 2018
2484110,Game,Square Enix,Square Enix,6 Dec 2023
1343370,Game,Jagex Ltd,Jagex Ltd,22 Feb 2013
3910,Game,Firaxis Games,2K,30 Oct 2001
1468260,Game,Humble North,Humble North,4 Dec 2020
447040,Game,Ubisoft,Ubisoft,28 Nov 2016
1527950,Game,Shiro Games,Shiro Games,12 Apr 2023
325610,Game,CREATIVE ASSEMBLY,SEGA,17 Feb 2015
1238860,Game,DICE,Electronic Arts,29 Oct 2013
601150,Game,"CAPCOM Co., Ltd.","CAPCOM Co., Ltd.",7 Mar 2019
784080,Game,Piranha Games Inc.,Piranha Games Inc.,26 May 2021
1325200,Game,"KOEI TECMO GAMES CO., LTD.","KOEI TECMO GAMES CO., LTD.",5 Feb 2021
2289450,Game,Cold Hours,Cold Hours,7 Dec 2023
47810,Game,BioWare,Electronic Arts,26 Oct 2010
212500,Game,"Standing Stone Games, LLC","Standing Stone Games, LLC",6 Jun 2012
883710,Game,"CAPCOM Co., Ltd.","CAPCOM Co., Ltd.",25 Jan 2019
976310,Game,NetherRealm Studios,Warner Bros. Games,23 Apr 2019
1190000,Game,Red Dot Games,PlayWay S.A.,11 Aug 2021
924970,Game,Turtle Rock Studios,Warner Bros. Games,12 Oct 2021
1217060,Game,Duoyi Games,Duoyi Games,17 Nov 2021
1840,Game,Valve,Valve,10 Jul 2012
669330,Game,Game River,Paradox Arc,11 May 2023
1686940,Game,Johan Gr√∂nvall,Zapray Games,16 Nov 2023
365360,Game,Overhype Studios,Overhype Studios,24 Mar 2017
1611600,Game,Eugen Systems,Eugen Systems,23 May 2024
312520,Game,Videocult,Akupara Games,28 Mar 2017
2479810,Game,"MADFINGER Games, a.s.","MADFINGER Games, a.s.",30 Apr 2024
1084600,Game,Pathea Games,Pathea Games,2 Nov 2023
1797880,Game,NetEase Games,NetEase Games,1 Sep 2022
212680,Game,Subset Games,Subset Games,14 Sep 2012
1244460,Game,Frontier Developments,Frontier Developments,9 Nov 2021
1069660,Game,Game-Labs,Game-Labs,25 Jan 2023
2078450,Game,Caged Element Inc.,PLAION,6 Aug 2024
211820,Game,Chucklefish,Chucklefish,22 Jul 2016
629730,Game,WarpFrog,WarpFrog,11 Dec 2018
1336490,Game,Eremite Games,Hooded Horse,8 Dec 2023
1259970,Game,Konami Digital Entertainment,Konami Digital Entertainment,15 Sep 2020
1995520,Game,Mainframe Industries,Mainframe Industries,18 Jun 2024
311690,Game,Dodge Roll,Devolver Digital,5 Apr 2016
1139980,Game,Isolated Games,Isolated Games,28 Jul 2020
1625450,Game,Dani,Dani,5 Jun 2021
2072450,Game,Ryu Ga Gotoku Studio,SEGA,25 Jan 2024
466170,Game,Shugasu GmbH,Shugasu GmbH,27 May 2016
389430,Game,Noah System,NTTGame,25 Jan 2016
1629520,Game,Max Inferno,Secret Mode,8 Nov 2022
2488620,Game,Codemasters,Electronic Arts,31 May 2024
1449690,Game,Skybound Games,Skybound Games,29 Oct 2020
787860,Game,Giants Software,Giants Software,19 Nov 2018
881020,Game,"Cygames, Inc.","Cygames, Inc.",31 Jan 2024
905370,Game,Booming Tech,Poros Interactive,30 May 2019
383120,Game,Eleon Game Studios,Eleon Game Studios,5 Aug 2020
1237950,Game,DICE,Electronic Arts,16 Nov 2017
1353300,Game,Pablo Leban,Pablo Leban,21 Dec 2020
3056550,Game,randomspin,randomspin,4 Jul 2024
799960,Game,KingsIsle Entertainment,KingsIsle Entertainment,2 Sep 2008
466560,Game,Shiro Games,Shiro Games,7 Mar 2018
1812450,Game,Donkey Crew,Donkey Crew,23 Apr 2024
678950,Game,Arc System Works,Bandai Namco Entertainment,26 Jan 2018
1433140,Game,Sumo Digital,Gun Interactive,18 Aug 2023
1627720,Game,NEOWIZ,NEOWIZ,18 Sep 2023
233450,Game,Double Eleven,Paradox Interactive,6 Oct 2015
2420510,Game,KayAnimate,KayAnimate,16 Aug 2023
1827180,Game,"Asobimo, Inc.","Asobimo, Inc.",20 Dec 2021
9900,Game,Cryptic Studios,Arc Games,2 Feb 2010
454650,Game,QLOC,Bandai Namco Entertainment,27 Oct 2016
975370,Game,Bay 12 Games,Kitfox Games,6 Dec 2022
736190,Game,Â¢®È±ºÁé©Ê∏∏Êàè,Â¢®È±ºÁé©Ê∏∏Êàè,29 Sep 2018
1170950,Game,Star Vault AB,Star Vault AB,25 Jan 2022
1533390,Game,Another Axiom Inc.,Another Axiom Inc.,1 Jan 2023
335240,Game,Atelier 801,Atelier 801,30 Jan 2015
880940,Game,Rebuilt Games,Rebuilt Games,20 Sep 2018
1295510,Game,Square Enix,Square Enix,4 Dec 2020
2551020,Game,Duhndal,Duhndal,15 Dec 2023
1196590,Game,"CAPCOM Co., Ltd.","CAPCOM Co., Ltd.",7 May 2021
1562430,Game,Black Salt Games,Team17,30 Mar 2023
582160,Game,Ubisoft Montreal,Ubisoft,26 Oct 2017
599140,Game,Lazy Bear Games,tinyBuild,15 Aug 2018
2756770,Game,One More Time,One More Time,13 Aug 2024
1815780,Game,Gameloft,Gameloft,2 Aug 2022
1940340,Game,Red Hook Studios,Red Hook Studios,8 May 2023
1046930,Game,Valve,Valve,20 Jun 2019
297000,Game,Dotemu,Ubisoft Entertainment,29 Jan 2015
2780980,Game,Mirage Creative Lab,Mirage Creative Lab,22 Jul 2024
304050,Game,gamigo US Inc.,gamigo US Inc.,9 Jul 2015
2000950,Game,Infinity Ward,Activision,8 Mar 2023
459160,Game,IT Territory,MY.GAMES,1 Oct 2009
704450,Game,Beamdog,Beamdog,27 Mar 2018
663090,Game,"IMCGAMES Co.,Ltd.","IMCGAMES Co.,Ltd.",15 Oct 2017
1477830,Game,Eduard Kozadaev,Eduard Kozadaev,5 Jan 2021
774801,Game,Noisestorm,Noisestorm,1 Apr 2023
1857090,Game,Long Jaunt,Hooded Horse,18 Jul 2024
1044720,Game,Crate Entertainment,Crate Entertainment,9 Aug 2022
17390,Game,Maxis‚Ñ¢,Electronic Arts,19 Dec 2008
516750,Game,Amistech Games,Amistech Games,24 Oct 2016
524220,Game,Square Enix,Square Enix,17 Mar 2017
1029690,Game,Rebellion,Rebellion,25 May 2022
22370,Game,Bethesda Game Studios,Bethesda Softworks,13 Oct 2009
2113850,Game,Mooncube Games,Mooncube Games,8 Apr 2024
1335200,Game,LiLith,Infini-Brain inc.,6 Oct 2020
1557740,Game,Landfall,Landfall,1 Apr 2021
1172380,Game,Respawn Entertainment,Electronic Arts,14 Nov 2019
2396240,Game,Thunderful Development,Thunderful Publishing,8 Aug 2024
391540,Game,tobyfox,tobyfox,15 Sep 2015
2892880,Game,Doge Game,Doge Game,22 Apr 2024
629760,Game,Triternion,Triternion,29 Apr 2019
223750,Game,Eagle Dynamics SA,Eagle Dynamics SA,18 Mar 2018
346900,Game,Hyper Hippo Games,Hyper Hippo Games,30 Mar 2015
744900,Game,Creaky Corpse Ltd,Creaky Corpse Ltd,15 Jul 2019
2212330,Game,Ivy Sly,Ivy Sly,2 Feb 2023
3141670,Game,Dimension Travler,Dimension Travler,23 Aug 2024
1274570,Game,Straight Back Games,Straight Back Games,28 Jan 2021
992300,Game,Ëâ∫ÈæôÊ∏∏Êàè,Ëâ∫ÈæôÊ∏∏Êàè,26 Jan 2022
1367080,Game,"B.B.STUDIO CO.,LTD.",Bandai Namco Entertainment Inc.,30 May 2023
368260,Game,Firaxis Games,2K,2 Dec 2022
2965660,Game,DESPERATE MEASURES,DESPERATE MEASURES,31 May 2024
1173510,Game,Xiexe,Xiexe,3 Mar 2020
1222140,Game,Quantic Dream,Quantic Dream,18 Jun 2020
1649080,Game,Two Point Studios,SEGA,9 Aug 2022
2369390,Game,Ubisoft Toronto,Ubisoft,11 May 2023
702320,Game,Gameloft,Gameloft,11 Dec 2017
552100,Game,Fluppisoft,Fluppisoft,14 Jul 2023
535930,Game,Two Point Studios,SEGA,29 Aug 2018
1594320,Game,MaFi Games,MaFi Games,31 May 2022
70,Game,Valve,Valve,8 Nov 1998
851850,Game,CyberConnect2 Co. Ltd.,Bandai Namco Entertainment Inc.,16 Jan 2020
1147560,Game,SOUTHPAW GAMES,NEOWIZ,20 Jan 2021
1898300,Game,Sand Sailor Studio,Thunderful Publishing,20 Jun 2024
636480,Game,SteelRaven7,SteelRaven7,18 May 2017
1714040,Game,Team Wood Games,Team Wood Games,24 Sep 2021
2067920,Game,Ouadi Huard,N√£o encontrado,19 Sep 2022
228200,Game,Relic Entertainment,SEGA,11 Sep 2006
544730,Game,Client/Frontend: Endava  / Backend: SuperNimbus,USM,25 Apr 2017
2962810,Game,Soehnle,Soehnle,18 Jul 2024
329110,Game,Infinity Plus 2,505 Games,20 Nov 2014
342200,Game,Piranha Games Inc.,Piranha Games Inc.,10 Dec 2015
205100,Game,Arkane Studios,Bethesda Softworks,8 Oct 2012
699130,Game,Saber Interactive Inc,Saber Interactive Inc,21 Sep 2021
1850570,Game,KOJIMA PRODUCTIONS,505 Games,30 Mar 2022
2334730,Game,Realm Archive,Realm Archive,14 Nov 2023
1235140,Game,Ryu Ga Gotoku Studio,SEGA,10 Nov 2020
363890,Game,Gotcha Gotcha Games,Gotcha Gotcha Games,23 Oct 2015
220,Game,Valve,Valve,16 Nov 2004
1211020,Game,RubberBandGames,RubberBandGames,8 Jul 2020
1809540,Game,RedCandleGames,RedCandleGames,28 May 2024
1465460,Game,Jutsu Games,Games Operators,11 Apr 2024
34030,Game,CREATIVE ASSEMBLY,SEGA,25 Feb 2010
201810,Game,MachineGames,Bethesda Softworks,20 May 2014
848450,Game,Unknown Worlds Entertainment,Unknown Worlds Entertainment,13 May 2021
1096900,Game,Gotcha Gotcha Games,Gotcha Gotcha Games,27 Aug 2020
1222700,Game,Hazelight Studios,Electronic Arts,23 Mar 2018
638970,Game,Ryu Ga Gotoku Studio,SEGA,1 Aug 2018
453480,Game,"Cygames, Inc.","Cygames, Inc.",27 Oct 2016
1876890,Game,The Swordman Studio,Spiral Up Games,14 Sep 2023
628070,Game,"KOEI TECMO GAMES CO., LTD.","KOEI TECMO GAMES CO., LTD.",16 Jan 2018
2064650,Game,Hotta Studio,Level Infinite,19 Oct 2022
2229850,Game,EA Los Angeles,Electronic Arts,7 Mar 2024
1385380,Game,Dreamsite Games,Paradox Interactive,8 Apr 2021
1062520,Game,James Bendon,James Bendon,14 Jul 2022
585420,Game,Flashbulb,Flashbulb,18 Sep 2019
838350,Game,ConchShip Games,ConchShip Games,21 Sep 2018
885970,Game,Creative Assembly,SEGA,29 Apr 2021
403640,Game,Arkane Studios,Bethesda Softworks,11 Nov 2016
2225070,Game,Nadeo,Ubisoft,2 Feb 2023
1693980,Game,Motive,Electronic Arts,27 Jan 2023
2406770,Game,Reissad Studio,Reissad Studio,7 Jun 2024
1054490,Game,Monster Couch,Monster Couch,17 Sep 2020
753640,Game,Mobius Digital,Annapurna Interactive,18 Jun 2020
1948800,Game,Darksun Studio,Gamera Games,22 Jan 2024
2108330,Game,Codemasters,Electronic Arts,15 Jun 2023
42700,Game,Treyarch,Activision,9 Nov 2010
1399720,Game,Hevipelle,Hevipelle,17 Dec 2022
1690710,Game,Hapiwaku,"Idle System, Inc.",22 Jul 2022
1954420,Game,"Formirai Co., Ltd.","Formirai Co., Ltd.",8 Sep 2022
475150,Game,Iron Lore Entertainment,THQ Nordic,31 Aug 2016
244450,Game,Digitalmindsoft,Fulqrum Publishing,15 May 2014
493520,Game,10 Chambers,10 Chambers,9 Dec 2021
200260,Game,Rocksteady Studios,WB Games,7 Sep 2012
433340,Game,Monomi Park,Monomi Park,1 Aug 2017
2691730,Game,Action Square(STUDIO HG),HYBE IM,2024
1888930,Game,Naughty Dog LLC,PlayStation Publishing LLC,28 Mar 2023
469600,Game,AutoAttack Games,AutoAttack Games,1 Oct 2021
218230,Game,Rogue Planet Games,Daybreak Game Company,20 Nov 2012
9420,Game,Gas Powered Games,Square Enix,28 Sep 2011
477160,Game,No Brakes Games,Curve Games,22 Jul 2016
254700,Game,Capcom,Capcom,28 Feb 2014
261640,Game,2K Australia,2K,14 Oct 2014
774171,Game,peropero,hasuhasu,20 Jun 2019
502500,Game,Bandai Namco Studios Inc.,Bandai Namco Entertainment,31 Jan 2019
1969870,Game,Wizard Games,Wizard Games,21 Jul 2022
1462040,Game,Square Enix,Square Enix,17 Jun 2022
920490,Game,IObit,IObit,1 Nov 2018
21690,Game,Capcom,Capcom,15 Sep 2009
268850,Game,EVGA,EVGA,20 Sep 2018
701160,Game,StumpyüêôSquid,Raw Fury,11 Dec 2018
3017120,Game,SQRT Games,SQRT Games,20 Jun 2024
359870,Game,Square Enix,Square Enix,12 May 2016
780290,Game,Flaming Fowl Studios,Twin Sails Interactive,20 Oct 2021
1197260,Game,Fire Sword Studios,Fire Sword Studios,26 Feb 2021
2751000,Game,Ubisoft Montpellier,Ubisoft,8 Aug 2024
1029780,Game,Foxy Voxel,Mythwright,1 Jun 2021
1458140,Game,Ironwood Studios,Kepler Interactive,22 Feb 2024
234140,Game,Avalanche Studios,Warner Bros. Games,1 Sep 2015
1877960,Game,Greensatellite,Greensatellite,2 May 2022
492720,Game,Limbic Entertainment,Kalypso Media,29 Mar 2019
1948280,Game,Sokpop Collective,Sokpop Collective,8 Apr 2022
1397920,Game,Playsaurus,Playsaurus,30 Sep 2020
383980,Game,Aether Studios,Aether Studios,28 Mar 2017
527230,Game,IronOak Games,Curve Games,19 Apr 2018
2732960,Game,EA Los Angeles,Electronic Arts,7 Mar 2024
418370,Game,"CAPCOM Co., Ltd.","CAPCOM Co., Ltd.",24 Jan 2017
1276390,Game,Ninja Kiwi,Ninja Kiwi,30 Nov 2021
1150690,Game,"OMOCAT, LLC","OMOCAT, LLC",25 Dec 2020
2695940,Game,ZTEK Studio,ZTEK Studio,31 May 2024
992070,Game,TwoWizards,TwoWizards,25 Jan 2019
1296610,Game,Red Nexus Games Inc.,Red Nexus Games Inc.,25 Apr 2022
692890,Game,RyseUp Studios,RyseUp Studios,7 Nov 2023
1976440,Game,"Studiobside Co.,Ltd","Studiobside Co.,Ltd",1 Sep 2022
9450,Game,Relic Entertainment,SEGA,5 Mar 2008
2418520,Game,Milkstone Studios,Milkstone Studios,7 May 2024
1418630,Game,Dread Hunger Team,Digital Confectioners,26 Jan 2022
670290,Game,Poolians.com,ThankGame.com,15 Dec 2019
2739600,Game,Â≠§Â∏ÜÂ∑•‰ΩúÂÆ§,Orienjoy,31 Jan 2024
289650,Game,Ubisoft,Ubisoft,11 Nov 2014
610080,Game,Divine Games,Kongregate,15 Jun 2017
1676840,Game,IronOak Games,Curve Games,2 Nov 2023
242050,Game,Ubisoft Montreal,Ubisoft,N√£o encontrado
834910,Game,Grapeshot Games,Grapeshot Games,22 Dec 2018
1127400,Game,AnukenDev,AnukenDev,26 Sep 2019
769560,Game,Giant Games,Giant Games,26 Jul 2019
1465470,Game,VEOM Studio,Crytivo,15 Jul 2024
224260,Game,No More Room in Hell Team,Lever Games,31 Oct 2011
489630,Game,Proxy Studios,Slitherine Ltd.,12 Jul 2018
386940,Game,Clever Endeavour Games,Clever Endeavour Games,4 Mar 2016
387990,Game,Axolot Games,Axolot Games,19 Jan 2016
33230,Game,Ubisoft Montreal,Ubisoft,9 Mar 2010
2305840,Game,The Gentlebros,Kepler Interactive,8 Aug 2024
2396980,Game,TYPE-MOON,Aniplex Inc.,7 Aug 2024
1324130,Game,Haemimont Games,Frontier Foundry,25 Apr 2023
1566690,Game,Team Ranger,Lightning Games,26 Mar 2024
1971650,Game,Square Enix,Square Enix,24 Feb 2023
2273430,Game,91Act,91Act,14 Feb 2024
3900,Game,Firaxis Games,2K,25 Oct 2005
55150,Game,Relic Entertainment,SEGA,5 Sep 2011
1097430,Game,ÂÖÉÊ∞îÂ∑•‰ΩúÂÆ§,ÂÖÉÊ∞îÂ∑•‰ΩúÂÆ§,29 Jul 2022
934700,Game,Dambuster Studios,Deep Silver,22 Apr 2024
1213210,Game,Petroglyph,Electronic Arts,5 Jun 2020
1089090,Game,Koei Tecmo,BANDAI NAMCO Entertainment,26 Mar 2020
363150,Game,"KOEI TECMO GAMES CO., LTD.","KOEI TECMO GAMES CO., LTD.",27 Jan 2016
488790,Game,Ubisoft San Francisco,Ubisoft,16 Oct 2017
391220,Game,Crystal Dynamics,Crystal Dynamics,9 Feb 2016
794260,Game,Nine Dots Studio,Prime Matter,17 May 2022
463530,Game,Slug Disco,Hooded Horse,7 Jun 2024
2080690,Game,Vector3 Studio,Vector3 Studio,25 Aug 2023
1689500,Game,Dire Wolf,Dire Wolf,13 Mar 2024
1881700,Game,Lightspeed Studios,Level Infinite,13 Jun 2023
678960,Game,Bandai Namco Studios,Bandai Namco Entertainment,26 Sep 2019
1124300,Game,AMPLITUDE Studios,SEGA,17 Aug 2021
1435790,Game,Pine Studio,Pine Studio,19 Oct 2021
221040,Game,Capcom,Capcom,22 Mar 2013
470220,Game,Ubisoft Entertainment,Ubisoft Entertainment,8 Dec 2016
720620,Game,Bouncyrock Entertainment,Bouncyrock Entertainment,15 Apr 2021
1419170,Game,Big Blue Bubble,Big Blue Bubble,24 Mar 2021
2140510,Game,BlankMediaGames LLC,Digital Bandidos,25 Aug 2023
612880,Game,Machine Games,Bethesda Softworks,26 Oct 2017
312660,Game,Rebellion,Rebellion,13 Feb 2017
736220,Game,Offworld,Offworld,9 Aug 2018
1520470,Game,ÔºàHong KongÔºâGKD,ÔºàHong KongÔºâGKD,Mar 2021
3096730,Game,Harmonia Games,Aiolos Studios,12 Aug 2024
3330,Game,"PopCap Games, Inc.","PopCap Games, Inc.",30 Aug 2006
65800,Game,Chromatic Games,Chromatic Games,18 Oct 2011
1683150,Game,Giraffe Lab LLC,Giraffe Lab LLC,7 Dec 2023
362890,Game,Crowbar Collective,Crowbar Collective,6 Mar 2020
1057090,Game,Moon Studios GmbH,Xbox Game Studios,10 Mar 2020
546560,Game,Valve,Valve,23 Mar 2020
843380,Game,Pixile,Pixile,26 Aug 2021
2835570,Game,Mike Klubnika,CRITICAL REFLEX,4 Apr 2024
1042550,Game,"h.a.n.d., Inc.",BANDAI NAMCO Entertainment Inc.,17 Oct 2019
640820,Game,Owlcat Games,Knights Peak,25 Sep 2018
445220,Game,Boxelware,Boxelware,9 Mar 2020
1332010,Game,BlueTwelve Studio,Annapurna Interactive,19 Jul 2022
1486350,Game,pixiv Inc.,pixiv Inc.,23 Dec 2020
1118310,Game,Libretro,Libretro,26 May 2010
225540,Game,Avalanche Studios,Square Enix,30 Nov 2015
287450,Game,SkyBox Labs,Xbox Game Studios,12 Jun 2014
1333350,Game,Shanghai SilverMoon Network Technology Co.Ltd,Shanghai SilverMoon Network Technology Co.Ltd,14 Aug 2020
1084160,Game,Haemimont Games,THQ Nordic,14 Jul 2023
898920,Game,Beamdog,Beamdog,9 Nov 2021
1422440,Game,Digital Sun,Hooded Horse,22 Jul 2024
1144400,Game,YUZUSOFT,HIKARI FIELD,14 Feb 2020
2972990,Game,BeXide Inc.,holo Indie,31 Jul 2024
109600,Game,Cryptic Studios,Arc Games,5 Dec 2013
221680,Game,Ubisoft - San Francisco,Ubisoft,22 Oct 2013
1272080,Game,Starbreeze Studios,Deep Silver,21 Sep 2023
2333480,Game,Plarium Global Ltd,Plarium Global Ltd,9 Jan 2024
799600,Game,Walternate Realities,Walternate Realities,24 Oct 2022
1644960,Game,Visual Concepts,2K,9 Sep 2021
1869590,Game,Odyssey Interactive,Odyssey Interactive,16 Sep 2022
19680,Game,Spicy Horse Games,Electronic Arts,17 Jun 2011
1451190,Game,Steel City Interactive,Deep Silver,31 Jan 2023
4760,Game,CREATIVE ASSEMBLY,SEGA,22 Sep 2004
10090,Game,Treyarch,Activision,18 Nov 2008
690790,Game,Codemasters,Codemasters,25 Feb 2019
1584090,Game,‰∫åËâ≤ÂπΩÁ¥´Ëù∂,‰∫åËâ≤ÂπΩÁ¥´Ëù∂,1 Oct 2021
2593370,Game,Èõ∂ÂàõÊ∏∏Êàè(ZerocreationGame),Èõ∂ÂàõÊ∏∏Êàè(ZerocreationGame),22 Apr 2024
620980,Game,Beat Games,Beat Games,21 May 2019
1785150,Game,Brainwash Gang,Raw Fury,30 May 2023
2276930,Game,Ben Reber,Ben Reber,6 Sep 2023
204880,Game,Ironclad Games Corporation,Stardock Entertainment,12 Jun 2012
1188930,Game,Al Fine,Al Fine,3 May 2024
1180380,Game,MOBITECH LLC,MOBITECH LLC,27 Nov 2019
228380,Game,Bugbear,THQ Nordic,14 Jun 2018
1049590,Game,Nimble Neuron,Nimble Neuron,20 Jul 2023
351940,Game,Gaming Corps AB,Microids Indie,24 Mar 2016
480490,Game,Arkane Studios,Bethesda Softworks,4 May 2017
920210,Game,TT Games,Warner Bros. Games,5 Apr 2022
1017900,Game,Forgotten Empires,Xbox Game Studios,19 Aug 2019
200510,Game,Firaxis Games,2K,11 Oct 2012
1280930,Game,Hibernian Workshop,Hibernian Workshop,14 Nov 2023
1645820,Game,PlaySurrounDead,PlaySurrounDead,24 Jun 2022
1238040,Game,BioWare,Electronic Arts,8 Mar 2011
1416920,Game,648Â∑•‰ΩúÂÆ§,Wise Games,18 Jul 2024
1929610,Game,Clock Wizard Games,Clock Wizard Games,25 Sep 2023
1127500,Game,Dinosaur Polo Club,Dinosaur Polo Club,20 Jul 2021
367500,Game,Capcom,Capcom,15 Jan 2016
389730,Game,BANDAI NAMCO Studios Inc.,BANDAI NAMCO Entertainment,1 Jun 2017
1284410,Game,CD PROJEKT RED,CD PROJEKT RED,19 May 2020
2816950,Game,RAYKA STUDIO,RAYKA STUDIO,15 Jul 2024
1105420,Game,YOUZU (SINGAPORE) PTE. LTD.,YOUZU (SINGAPORE) PTE. LTD.,14 Nov 2019
1812820,Game,Fulcrum Games,Fulcrum Games,10 Dec 2021
1817190,Game,Insomniac Games,PlayStation Publishing LLC,18 Nov 2022
203160,Game,Crystal Dynamics,Crystal Dynamics,5 Mar 2013
243470,Game,Ubisoft,Ubisoft,26 May 2014
1669980,Game,ÂÖªËõã‰∫∫ Egg Hatcher,Gamera Games,20 Apr 2023
2187220,Game,"CAPCOM Co., Ltd.","CAPCOM Co., Ltd.",24 Jan 2024
349040,Game,CyberConnect2 Co. Ltd.,BANDAI NAMCO Entertainment,4 Feb 2016
42960,Game,Paradox Development Studio,Paradox Interactive,30 Aug 2010
551170,Game,NetEase Games,NetEase Games,18 Apr 2018
333640,Game,Freehold Games,Kitfox Games,15 Jul 2015
2103530,Game,Isam Games,Isam Games,7 Apr 2023
280680,Game,Krita Team,Krita Team,10 Jun 2014
213670,Game,Obsidian Entertainment,Ubisoft,3 Mar 2014
774361,Game,The Game Kitchen,Team17,10 Sep 2019
2725560,Game,AO Games,AO Games,24 May 2024
242920,Game,Shining Rock Software LLC,Shining Rock Software LLC,18 Feb 2014
1367550,Game,Ironhide Game Studio,Ironhide Game Studio,15 Oct 2020
1449560,Game,4A Games,Deep Silver,14 Feb 2019
251060,Game,Eugen Systems,Eugen Systems,17 Apr 2014
388080,Game,AndrewMD5,Codeusa,23 Jul 2015
666140,Game,Pathea Games,Focus Entertainment,15 Jan 2019
2194530,Game,Bone Nail,Bone Nail,19 Oct 2023
2157560,Game,"Cygames, Inc.","Cygames, Inc.",13 Dec 2023
2897580,Game,Swell Games LLC,Swell Games LLC,3 May 2024
314160,Game,Microsoft Game Studios,Xbox Game Studios,16 Oct 2006
2742140,Game,ÂåóÂÜ•,ÂåóÂÜ•,18 Apr 2024
2989820,Game,Mon Amiral,Silvervale,13 Aug 2024
955900,Game,GSQ Games,Gamera Games,24 Nov 2020
2138610,Game,Nihon Falcom,"NIS America, Inc.",1 Mar 2023
2138710,Game,Sloclap,Sloclap,28 Mar 2023
500,Game,Valve,Valve,17 Nov 2008
2963880,Game,Embers,Oro Interactive,19 Jun 2024
292730,Game,Infinity Ward,Activision,4 Nov 2016
1296830,Game,BadMudStudio,bilibili,18 Jan 2022
2552450,Game,Square Enix,Square Enix,13 Jun 2024
22320,Game,Bethesda Game Studios,Bethesda Softworks,29 Apr 2002
464920,Game,Haemimont Games,Paradox Interactive,15 Mar 2018
2698780,Game,MYM Games Studios,FiftyEight Studios,31 May 2024
209000,Game,WB Games Montreal,Warner Bros. Interactive Entertainment,25 Oct 2013
603850,Game,≈Åukasz Jakowski,≈Åukasz Jakowski Games,21 Nov 2018
1062810,Game,Shiny Shoe,Shiny Shoe,9 Apr 2024
858820,Game,Norsfell,Gearbox Publishing,27 Jul 2021
1721470,Game,Mob Entertainment,Mob Entertainment,12 Oct 2021
35140,Game,Rocksteady Studios,WB Games,26 Mar 2010
2622000,Game,STAR ENGINE PROJECT,Neverland Entertainment,28 Feb 2024
246420,Game,Ironhide Game Studio,Ironhide Game Studio,6 Jan 2014
1007040,Game,SANDLOT,D3PUBLISHER,11 Jul 2019
438040,Game,Playa Games GmbH,Playa Games GmbH,24 Feb 2016
2459550,Game,ReficGames,ReficGames,25 Jun 2024
750920,Game,Eidos-Montr√©al,Crystal Dynamics,14 Sep 2018
371970,Game,Turning Wheel LLC,Turning Wheel LLC,23 Jun 2015
1318690,Game,Tobias Springer,tobspr Games,7 Jun 2020
1377580,Game,VALOFE,G„ÉªO„ÉªP,2 Oct 2020
2069310,Game,"Horizon Hobby, LLC","Horizon Hobby, LLC",27 Oct 2022
502520,Game,Game-Labs,Game-Labs,14 Jul 2017
2132850,Game,mino_dev,mino_dev,9 May 2024
1241100,Game,Redaster Studio,Redaster Studio,6 Mar 2020
1176470,Game,Pavonis Interactive,Hooded Horse,26 Sep 2022
1827980,Game,"Idle System, Inc.","Idle System, Inc.",30 Apr 2022
269950,Game,Laminar Research,Laminar Research,30 Mar 2017
1352080,Game,5minlab Corp.,5minlab Corp.,13 Apr 2021
2440510,Game,Turn 10,Xbox Game Studios,9 Oct 2023
400,Game,Valve,Valve,10 Oct 2007
2366980,Game,Coal Supper,Panic,1 Aug 2024
40970,Game,FireFly Studios,FireFly Studios,31 Jul 2002
214490,Game,Creative Assembly,SEGA,6 Oct 2014
241930,Game,Monolith Productions,Warner Bros. Interactive Entertainment,30 Sep 2014
1537830,Game,Gameloft,Gameloft,18 Apr 2023
897330,Game,ToastieLabs,ToastieLabs,17 Aug 2018
1593350,Game,Gniller,Gniller,13 Oct 2021
2231450,Game,Tour De Pizza,Tour De Pizza,26 Jan 2023
393080,Game,Raven Software,Activision,27 Jul 2017
16900,Game,BlackFoot Studios,MicroProse Software,14 Aug 2018
412020,Game,4A Games,Deep Silver,14 Feb 2019
298110,Game,"Ubisoft Montreal, Red Storm, Shanghai, Toronto, Kiev",Ubisoft,18 Nov 2014
205710,Game,Darkpaw Games,Daybreak Game Company,13 Dec 2012
249130,Game,Traveller's Tales,Warner Bros. Interactive Entertainment,22 Oct 2013
3056370,Game,PeachBoy,PeachBoy,8 Jul 2024
800270,Game,Artefacts Studio,Twin Sails Interactive,17 Oct 2018
2336220,Game,Vambear Games,IndieArk,21 Feb 2024
2767520,Game,BLAMCAM Interactive,BLAMCAM Interactive,21 Feb 2024
2840770,Game,Massive Entertainment ‚Äì A Ubisoft Studio,Ubisoft,17 Jun 2024
571740,Game,Perfuse Entertainment,Perfuse Entertainment,18 Aug 2023
24200,Game,Dimensional Ink Games,Daybreak Game Company,2 Nov 2011
2396910,Game,Chinesegamer,Chinesegamer,16 Feb 2024
859580,Game,Paradox Development Studio,Paradox Interactive,25 Apr 2019
1708850,Game,Byterunners,Movie Games S.A.,20 Jun 2024
1097840,Game,The Coalition,Xbox Game Studios,9 Sep 2019
1102190,Game,Shiny Shoe,Good Shepherd Entertainment,21 May 2020
2203070,Game,SGRA Studio,Nuverse Pte. Ltd.,26 Oct 2023
208580,Game,Obsidian Entertainment,LucasArts,8 Feb 2005
293760,Game,Camshaft Software Ltd,Camshaft Software Ltd,12 Mar 2015
698780,Game,Team Salvato,Team Salvato,22 Sep 2017
751780,Game,HopFrog,Humble Games,18 Apr 2019
777130,Game,Sad Panda Studios,Sad Panda Studios,4 Apr 2019
1162750,Game,Gamatron AB,Gamatron AB,21 Sep 2020
392110,Game,AMPLITUDE Studios,SEGA,18 May 2017
1279510,Game,Creactstudios,Headup,20 Jun 2024
2239150,Game,GrizzlyGames,GrizzlyGames,2 Aug 2023
458710,Game,Ironhide Game Studio,Ironhide Game Studio,25 Jul 2016
784950,Game,Dorado Games,Dorado Games,15 Mar 2018
3016800,Game,Amazing Seasun Games,Amazing Seasun Games,To be announced
674940,Game,Landfall West,Landfall,28 Sep 2017
223710,Game,Team Psykskallar,Team Psykskallar,25 Apr 2013
105450,Game,Ensemble Studios,Xbox Game Studios,15 Sep 2009
397900,Game,8Floor,8Floor,27 Jul 2017
273110,Game,Valve,NEXON,7 Oct 2014
327030,Game,Team17,Team17,23 Aug 2016
960170,Game,NEOWIZ,NEOWIZ,11 Mar 2020
986130,Game,ColePowered Games,Fireshine Games,24 Apr 2023
1017180,Game,Genesz,Genesz,25 Sep 2019
1583320,Game,Skywall Studios LLC,Skywall Studios LLC,15 Nov 2021
2244130,Game,Cassel Games,Cassel Games,6 Nov 2023
872200,Game,First Watch Games,Hi-Rez Studios,20 Jul 2021
2764370,Game,Game Blender,ÁõõÂ§©Ê∏∏Êàè,24 Apr 2024
1238000,Game,BioWare,Electronic Arts,20 Mar 2017
2701510,Game,Star-Star Studio,Star-Star Studio,6 Aug 2024
307690,Game,United Front Games,Square Enix,8 Oct 2014
997010,Game,Aesir Interactive,astragon Entertainment,10 Nov 2022
409710,Game,2K Boston,2K,15 Sep 2016
1437830,Game,"USERJOY Technology Co.,Ltd.","USERJOY Technology Co.,Ltd.",13 Nov 2020
972660,Game,Thunder Lotus Games,Thunder Lotus Games,18 Aug 2020
1898830,Game,PiPuProductions,PiPuProductions,10 Apr 2022
2933080,Game,INGAME STUDIOS,505 Games,18 Jun 2024
223850,Game,UL Solutions,UL Solutions,N√£o encontrado
780310,Game,EXOR Studios,EXOR Studios,14 Oct 2021
1957780,Game,Combat Waffle Studios,Beyond Frames,20 Mar 2023
1243830,Game,Team17 Digital,Team17 Digital,23 Mar 2021
2854160,Game,LEVEL5 Inc.,LEVEL5 Inc.,To be announced
17480,Game,EA Los Angeles,Electronic Arts,28 Oct 2008
2218750,Game,Chasing Carrots,Chasing Carrots,24 May 2023
1262240,Game,PopCap,Electronic Arts,18 Oct 2019
2875140,Game,Bolingogames,Bolingogames,8 Aug 2024
78000,Game,"PopCap Games, Inc.","PopCap Games, Inc.",7 Dec 2010
228280,Game,Beamdog,Beamdog,16 Jan 2013
952060,Game,"CAPCOM Co., Ltd.","CAPCOM Co., Ltd.",2 Apr 2020
637650,Game,Square Enix,Square Enix,6 Mar 2018
2864890,Game,Maticolotto,Maticolotto,21 May 2024
1266630,Game,ÊâòÊõ¥ÁöÑ‰øÆÁΩó,ÊâòÊõ¥ÁöÑ‰øÆÁΩó,21 Jun 2022
512900,Game,Matt Dabrowski,tinyBuild,12 Jul 2019
12120,Game,Rockstar Games,Rockstar Games,6 Jun 2005
2772560,Game,Nokta Games,Nokta Games,26 Jan 2024
1262580,Game,Ghost Games,Electronic Arts,6 Nov 2017
1316680,Game,Narko Games,Narko Games,9 Aug 2024
2627540,Game,„Å∏„Å™„ÅΩ„Åì„ÇÑ,„Å∏„Å™„ÅΩ„Åì„ÇÑ,1 Nov 2023
418530,Game,Mossmouth,Mossmouth,29 Sep 2020
1611910,Game,Complex Games,Frontier Foundry,5 May 2022
1371980,Game,Moon Studios GmbH,Private Division,18 Apr 2024
2739990,Game,Catfood Studio,YOSTAR HONG KONG LIMITED,23 Jul 2024
2654540,Game,GOCORE,GOCORE,25 Jul 2024
1106840,Game,Foulball Hangover,Foulball Hangover,8 May 2020
1970580,Game,Jaspel,Different Tales,14 Nov 2023
3107070,Game,Nikson,Clickteam,2025
1164940,Game,Trepang Studios,Team17,21 Jun 2023
937310,Game,Prineside,Prineside,30 Apr 2021
1606180,Game,ÁôΩÁéâ‰∫¨Â∑•‰ΩúÂÆ§,ÁôΩÁéâ‰∫¨Â∑•‰ΩúÂÆ§,17 Apr 2024
404790,Game,Godot Engine,Godot Engine,23 Feb 2016
760160,Game,Sharkmob AB,Sharkmob AB,27 Apr 2022
1677350,Game,Electronic Arts - Tiburon,Electronic Arts,6 Apr 2023
394690,Game,PixelTail Games,PixelTail Games,8 Apr 2016
979110,Game,Bugbyte Ltd.,Bugbyte Ltd.,21 May 2020
677620,Game,1047 Games,1047 Games,24 May 2019
1817230,Game,Tango Gameworks,Bethesda Softworks,25 Jan 2023
220240,Game,"Ubisoft Montreal, Massive Entertainment, and Ubisoft Shanghai",Ubisoft,4 Dec 2012
373420,Game,Larian Studios,Larian Studios,27 Oct 2015
1173370,Game,Oddshot Games,Oddshot Games,11 Apr 2024
253710,Game,Expansive Worlds,Expansive Worlds,3 Jun 2014
1276760,Game,Dimps Corporation,Bandai Namco Entertainment,13 Oct 2022
1288320,Game,Nine Rocks Games,THQ Nordic,16 Aug 2022
1659420,Game,Naughty Dog LLC,PlayStation Publishing LLC,19 Oct 2022
2826180,Game,Catos Game,Catos Game,2 May 2024
202990,Game,Treyarch,Activision,12 Nov 2012
2014780,Game,Laminar Research,Laminar Research,17 Dec 2022
646910,Game,Ivory Tower,Ubisoft,28 Jun 2018
2064870,Game,World Makers,World Makers,14 Sep 2023
1254120,Game,VALOFE,VALOFE,6 Aug 2021
236110,Game,Chromatic Games,Chromatic Games,20 Jun 2017
1149620,Game,DRAGO entertainment,DRAGO entertainment,15 Sep 2021
1364390,Game,Holotech Studios Inc.,Holotech Studios Inc.,17 Nov 2021
489520,Game,BetaDwarf,BetaDwarf,24 May 2019
569480,Game,"Lion Shield, LLC","Lion Shield, LLC",20 Jul 2017
707010,Game,AlphaSoft LLC,AlphaSoft LLC,5 Apr 2018
667970,Game,"Boundless Dynamics, LLC","Boundless Dynamics, LLC",3 Aug 2017
870780,Game,Remedy Entertainment,505 Games,27 Aug 2020
360430,Game,Hangar 13,2K,19 May 2020
2484250,Game,FLINT,HYBE IM,1 Apr 2024
704850,Game,Noble Muffins,PlayWay S.A.,9 Nov 2018
728530,Game,TOM CREATE,BANDAI NAMCO Entertainment,27 Nov 2019
1268750,Game,Offworld,Offworld,17 May 2023
354290,Game,"CRAZYDIAMOND CO., LTD.","CRAZYDIAMOND CO., LTD.",13 Jan 2016
1657630,Game,Monomi Park,Monomi Park,22 Sep 2022
24810,Game,EA Los Angeles,Electronic Arts,13 Nov 2009
1066890,Game,Reiza Studios,Reiza Studios,31 Mar 2020
1096530,Game,Tactical Adventures,Tactical Adventures,27 May 2021
2103140,Game,Wave Game,bilibili,1 Nov 2023
983380,Game,STEREO GAMES S.A.,PlayWay S.A.,1 Aug 2024
257350,Game,Beamdog,Beamdog,15 Nov 2013
458750,Game,PGN Inc,PGN Inc,22 May 2016
617290,Game,Gunfire Games,Arc Games,20 Aug 2019
8870,Game,Irrational Games,2K,25 Mar 2013
24780,Game,EA - Maxis,Electronic Arts,22 Sep 2003
268650,Game,Brilliant Skies Ltd.,Brilliant Skies Ltd.,6 Nov 2020
337410,Game,Galaxy Gate,GameXP.com,24 Dec 2014
1158850,Game,"CAPCOM Co., Ltd.","CAPCOM Co., Ltd.",26 Jul 2021
1672970,Game,Mojang Studios,Xbox Game Studios,22 Sep 2021
2362300,Game,Dovetail Games,Dovetail Games - TSW,26 Sep 2023
763890,Game,Worldwalker Games LLC,Worldwalker Games LLC,15 Jun 2021
983870,Game,Channel 3 Entertainment,Paradox Interactive,2 May 2024
1974050,Game,XD,XD,9 May 2023
